timestamp,price,volume,returns,volatility,moving_avg_10,moving_avg_50
2025-01-11 01:01:22,3265.592932818204,26368341339.074707,-0.0004211397579809706,0.008912851360751744,3273.1942237760913,3279.157708709025
2025-01-11 02:04:01,3244.573793157683,25854888127.38586,-0.006436546162653989,0.009099734153976663,3273.379736744019,3277.540797187023
2025-01-11 03:03:55,3248.4154538733537,25456877387.674488,0.0011840263037850018,0.009075552987675928,3273.1929657117707,3275.74731906564
2025-01-11 04:03:51,3237.4839078743166,25301324256.54269,-0.0033651933240258503,0.004577347868706364,3264.666063491966,3273.5395305597654
2025-01-11 05:03:00,3238.393564963729,25041438028.67496,0.00028097655935832577,0.0036562763625935376,3259.760058555607,3271.531945460985
2025-01-11 06:03:32,3245.883748660008,24582773622.73531,0.0023129318737893367,0.003723975588088243,3255.0568861345705,3270.0104685631213
2025-01-11 07:03:36,3242.671743031669,24460180635.956028,-0.0009895627437874754,0.0028341091133898297,3252.769828879253,3268.1092925507114
2025-01-11 08:03:48,3234.368418543223,23660960310.014202,-0.0025606429347310167,0.002894160302243581,3249.8630068514003,3266.2514868082803
2025-01-11 09:03:47,3220.655856110691,23305890634.762276,-0.004239641456401655,0.002648663972152541,3244.5008202293798,3264.365843720846
2025-01-11 10:02:29,3242.13963817277,22948016223.335148,0.006670623320811142,0.0037125578015030584,3242.017905720565,3263.5023657963657
2025-01-11 11:07:08,3259.9710154097206,23088364322.793102,0.005499879470644897,0.004210710611804091,3241.4557139797166,3262.539794660037
2025-01-11 12:03:13,3273.3053422937237,22926448448.647816,0.004090320687200055,0.0037601758425738004,3244.3288688933203,3261.6662567499616
2025-01-11 13:08:30,3272.7814178885615,22329031138.863384,-0.00016005974095745223,0.0037724357239080756,3246.7654652948413,3260.926866247647
2025-01-11 14:03:29,3265.2392833445365,19816732755.790638,-0.0023045029841591846,0.0036568915186229686,3249.5410028418632,3260.2459805607987
2025-01-11 15:03:54,3276.54682928949,17627644779.280865,0.0034630068315761875,0.0037384390683543574,3253.3563292744393,3259.921280297153
2025-01-11 16:01:48,3269.591086134807,15088259640.837816,-0.002122888369091691,0.0038503328925605066,3255.727063021919,3260.8262533056777
2025-01-11 17:03:46,3273.0657465615623,13890698211.378899,0.0010627201797466235,0.0038026173912930144,3258.7664633749087,3261.3068458113926
2025-01-11 18:03:47,3267.6259175120467,12947921073.56224,-0.001661998099253048,0.003720430696349706,3262.0922132717906,3260.0049372653507
2025-01-11 19:03:42,3276.6066366078976,11731641188.911467,0.0027483926626119537,0.003246852859495036,3267.687291321511,3259.4835968868047
2025-01-11 20:03:44,3275.4782710888603,11195178345.493578,-0.00034437015002974913,0.0027854855719943545,3271.0211546131204,3260.0238041802036
2025-01-11 21:03:58,3296.8499408059847,10735087627.06168,0.006524747822558297,0.002980376767882982,3274.709047152747,3260.684602731514
2025-01-11 22:03:53,3308.3310658974724,10992678382.019579,0.0034824530377870477,0.002918843654150923,3278.2116195131216,3262.523015074021
2025-01-11 23:05:31,3288.694178208778,10974289526.466688,-0.005935587248541485,0.003665028891573688,3279.8028955451437,3264.377472431674
2025-01-12 00:03:52,3283.0070131950847,10791923693.915394,-0.0017293079579661086,0.0036205209799454303,3281.5796685301984,3265.7704132677354
2025-01-12 01:01:37,3280.4242985253736,10688148547.618345,-0.000786691791802685,0.0034874025032796733,3281.967415453787,3266.8354989669288
2025-01-12 02:03:39,3286.883254312652,10766591388.273306,0.001968939136983483,0.003434155956714214,3283.6966322715716,3268.191307158019
2025-01-12 03:03:43,3286.8189102146257,10605147670.81517,-1.9576021734746263e-05,0.0034326583876515544,3285.0719486368776,3269.4670015202464
2025-01-12 04:01:24,3283.607157986765,10252141306.909796,-0.0009771612965592258,0.003393004212249646,3286.6700726843496,3270.5094849621755
2025-01-12 05:02:12,3282.359111876394,10240482941.615116,-0.0003800838682347374,0.0033050498608782237,3287.2453202111988,3271.285729411114
2025-01-12 06:03:31,3278.1145913886617,10097345814.866112,-0.001293131050887908,0.0033352655307078206,3287.508952241179,3271.751812224879
2025-01-12 07:03:43,3270.0260006708754,10145433965.784334,-0.002467452095492373,0.0025184416120906878,3284.826558227668,3272.0685146124415
2025-01-12 08:03:32,3265.476246745512,9953510721.709173,-0.0013913509936709367,0.0020161487632519956,3280.5410763124723,3272.1469170130154
2025-01-12 09:04:00,3237.743099250377,9573666486.45032,-0.008492833938931632,0.0027115413869403028,3275.4459684166322,3271.4461047050536
2025-01-12 10:01:49,3238.1337373803153,9823072878.69698,0.00012065136669714427,0.002761122956521614,3270.958640835155,3270.2754173391604
2025-01-12 11:03:14,3243.466093040701,10096549280.774057,0.001646737316260305,0.0029210271044407526,3267.262820286688,3269.2277137104165
2025-01-12 12:02:53,3251.4384882033905,9204995121.503952,0.0024579862819580356,0.00298210324003593,3263.718343675762,3268.224674666737
2025-01-12 13:03:44,3250.087455196473,9633163554.344217,-0.0004155185502722203,0.002969064890700923,3260.0451981739466,3267.032502583827
2025-01-12 14:02:45,3265.416440509818,9714256808.999168,0.004716483948404626,0.0034981196226205806,3258.2261264262515,3266.108656702765
2025-01-12 15:08:37,3268.6025098171717,10011907787.0014,0.0009757007614183966,0.00353154421021874,3256.8504662203295,3265.2984974935166
2025-01-12 16:03:42,3283.2530145585683,9450691625.608002,0.004482192220496062,0.003831358641437401,3257.36430853732,3265.994105807661
2025-01-12 17:03:36,3277.4444036220216,10673045592.954866,-0.001769163360481274,0.003784157547038133,3258.106148832435,3266.4583383937315
2025-01-12 18:03:44,3287.7746780217863,10422255435.569134,0.0031519297133915103,0.0038397819009560884,3260.335991960062,3267.359458684599
2025-01-12 19:07:28,3281.8616299353253,10411143046.236776,-0.0017984955374188427,0.002359770899401292,3264.747845028557,3267.9910279993887
2025-01-12 20:03:46,3276.8289222428707,10529003337.365084,-0.001533491737296,0.0025092924857611073,3268.6173635148125,3267.072547842799
2025-01-12 21:04:01,3279.826648923471,9669032535.466038,0.0009148255071396161,0.0025052075485777993,3272.2534191030895,3266.920008534722
2025-01-12 22:04:02,3263.810457945719,10052029733.007847,-0.004883243138172899,0.0030789278595373722,3273.4906160773226,3266.337908236229
2025-01-12 23:03:41,3236.3650020229634,10078990882.988533,-0.00840902260605847,0.004158104896147679,3272.118370759971,3265.7543619649914
2025-01-13 00:00:13,3264.070968533687,9699706283.258541,0.008560828736377202,0.004811626642552739,3271.9838235623583,3265.7670485592303
2025-01-13 01:04:03,3305.3878678187,10267575434.85387,0.012658088529114986,0.006277938859887142,3275.6623593625113,3266.389251468986
2025-01-13 02:03:22,3257.552371187421,12519809142.833597,-0.014471976828198008,0.007826261375250028,3273.0922950253967,3266.2009232275163
2025-01-13 04:03:38,3242.606246789638,13241249572.295092,-0.004588145544482836,0.007916974442962622,3269.6084793421583,3265.741189506945
2025-01-13 05:01:42,3239.407869965684,14559102579.072495,-0.0009863599156144653,0.0077804990625170035,3264.771798536548,3265.6378710431045
2025-01-13 06:03:37,3223.04925050731,15332592363.666187,-0.005049879519662737,0.007863996504506686,3258.8905605937466,3265.1305469757845
2025-01-13 07:02:45,3185.2172766707417,14786758880.41581,-0.011737944690300095,0.008467536055022219,3249.7293960365337,3264.0852143517127
2025-01-13 08:01:38,3197.153542057739,15988067321.220787,0.003747394400507975,0.008650976435688412,3241.4620853499605,3263.2604138935926
2025-01-13 09:03:46,3165.7411368214466,15379475534.542984,-0.009825116255153254,0.00893763212139187,3231.655153237533,3261.6575616568216
2025-01-13 10:03:36,3157.9978772291074,17284249792.918865,-0.0024459547567788897,0.008734012952093076,3223.8184407581475,3259.9640843407706
2025-01-13 11:05:26,3119.501702462049,19017950042.267075,-0.012190057201949767,0.008290658860284572,3209.3615141509836,3257.6667500191465
2025-01-13 12:03:39,3072.7241462135594,20060315151.36281,-0.01499520138475019,0.006311388858585854,3186.0951419904695,3254.708115821204
2025-01-13 13:08:26,3051.8595700106853,22849057746.00217,-0.006790253602356411,0.0057804520040342635,3165.5258618727958,3250.9025144579623
2025-01-13 14:03:34,3058.022698656582,23600649399.721428,0.002019466657791069,0.006369194024210019,3147.0675070594903,3246.8635481229
2025-01-13 15:03:30,3032.163105151676,27988521913.181316,-0.008456311824064144,0.006173646524028628,3126.34303057809,3242.040703380059
2025-01-13 16:03:36,3055.9283848367145,31819655566.477554,0.007837731302996476,0.007686565490553562,3109.63094401103,3237.703642719022
2025-01-13 17:03:41,3004.4200285857073,33291450333.595066,-0.016855223606216607,0.008309128857678804,3091.551219202526,3232.4872576238454
2025-01-13 18:02:56,3019.839876460077,34811804362.44993,0.00513238752493228,0.0084953207039278,3073.8198526427605,3227.3531185672573
2025-01-13 19:03:08,3007.5187782238468,36069833091.80527,-0.004080050181559103,0.008375530354832747,3057.9976167830005,3222.1116724090375
2025-01-13 20:03:20,3024.9374591575397,37404732556.90306,0.005791711446596404,0.009042211149753428,3044.6915749758437,3217.1491066609574
2025-01-13 21:03:35,3090.943063736619,34723895785.823814,0.02182048570269024,0.011725527150680225,3041.835711103301,3213.615449585449
2025-01-13 22:03:39,3111.7078874558915,40914149928.169395,0.006717957364821281,0.010789706156270206,3045.734085227534,3210.3174746024083
2025-01-13 23:02:55,3129.9291659172377,41632642190.6474,0.0058557162562722365,0.010470706993549348,3053.541044818189,3207.406492498976
2025-01-14 00:03:35,3136.134992657647,41752019717.98453,0.001982737120055811,0.010470931277866625,3061.352274218296,3204.192193536009
2025-01-14 01:03:50,3131.2168788217527,39106741013.39564,-0.0015682085903218068,0.009874204863347722,3071.2576515853034,3200.6499097944948
2025-01-14 02:03:58,3140.9986456807696,39746344472.84193,0.003123950603733938,0.009743222343284683,3079.764677669709,3197.695999143935
2025-01-14 03:03:48,3156.4935217477787,39420916934.34855,0.004933104981855507,0.00687559989675551,3094.972026985916,3195.1657293149888
2025-01-14 04:03:30,3159.461184520418,40675584490.70804,0.0009401770515899965,0.0069914925771050575,3108.9341577919504,3192.7464670348895
2025-01-14 05:08:28,3175.359356760579,38629069434.77652,0.005031925164345363,0.0063012199123471495,3125.7182156456233,3190.515989083848
2025-01-14 06:01:39,3159.330088377182,40355533485.751976,-0.005048017116320747,0.0071178246469841165,3139.1574785675875,3187.9662126471
2025-01-14 07:03:30,3183.9395297169644,39924067213.29676,0.007789449234923973,0.00399595782179259,3148.457125165622,3185.9728600817034
2025-01-14 08:03:30,3171.562367385467,39064516967.51235,-0.0038873735559286082,0.004289041532125511,3154.4425731585798,3183.756925191885
2025-01-14 09:03:42,3186.0108396493665,39464235768.280136,0.004555632395086828,0.004174505537781356,3160.0507405317926,3181.914850157099
2025-01-14 10:03:40,3244.4255393029703,39587050253.05903,0.018334746048771278,0.0066994493802132364,3170.879795196325,3181.4028409297407
2025-01-14 11:03:45,3232.6943350724077,38832400450.051254,-0.003615803194880196,0.006897236491929978,3181.02754082139,3180.7472026962787
2025-01-14 12:03:42,3214.246776147014,36884698665.897934,-0.005706558373073212,0.007453177746923801,3188.3523538680147,3180.277276234211
2025-01-14 13:03:47,3182.9795716728518,35158790457.70968,-0.009727692567414792,0.008280811955710276,3191.000958860522,3179.1741929200625
2025-01-14 14:03:53,3207.2960750851157,34638365264.722,0.007639541148385165,0.008553914894130921,3195.7844479169917,3178.4507925609505
2025-01-14 15:03:52,3186.217078856059,30176852880.675743,-0.006572201547840439,0.008810313268418137,3196.8702201265396,3177.1463643740035
2025-01-14 16:03:47,3194.8932096210383,29141284269.41044,0.002723019351868583,0.00861936797948409,3200.4265322509254,3176.042479462495
2025-01-14 17:02:38,3192.0462894519824,26627867785.505077,-0.0008910846098025837,0.008308275564943922,3201.2372082244274,3174.5750764413383
2025-01-14 18:03:48,3212.6993263015884,27430560894.958336,0.006470155811290512,0.008375639188411754,3205.350904116039,3173.4570127710267
2025-01-14 19:03:56,3223.6223506156875,26682389831.73476,0.0033999522534446935,0.008333917083949578,3209.1120552126713,3172.264399492169
2025-01-14 20:01:27,3213.138443417572,25847880008.304478,-0.003252213211672572,0.005820882187876404,3205.9833456241313,3170.97828028808
2025-01-14 21:03:45,3216.9397413758234,25026202841.997955,0.0011830482953631982,0.0057746195429134424,3204.407886254473,3169.561581555161
2025-01-14 22:03:47,3215.00695624578,23362905455.253155,-0.0006008148381468903,0.0054786407298841955,3204.48390426435,3168.2244880813696
2025-01-14 23:08:35,3236.085067487854,22777907177.957466,0.0065561634948021474,0.004603957763315098,3209.79445384585,3167.4096109862703
2025-01-15 00:03:56,3224.311621799453,22418917482.84241,-0.0036381755865090293,0.004352397019743455,3211.4960085172834,3166.2993104437896
2025-01-15 01:03:49,3221.3568560297563,21728923867.488415,-0.0009164020467872236,0.0036340088588901,3215.0099862346533,3165.4502384054704
2025-01-15 02:03:51,3230.3010242844007,22412996452.339848,0.002776522022980066,0.003636696783261899,3218.5507677009896,3165.3289588506987
2025-01-15 03:03:36,3213.4329345144447,22320962791.867886,-0.005221832158410877,0.004126219203336163,3220.6894322072358,3164.316198170314
2025-01-15 04:04:01,3238.4579728639874,22827269438.08166,0.007787633617853507,0.004346922642236234,3223.265296863476,3162.977600271219
2025-01-15 05:03:38,3225.454005283256,22643892264.71946,-0.004015481346275163,0.004485797892946832,3223.448462330233,3162.335632953136
2025-01-15 06:03:57,3229.625981203131,22549151771.012394,0.0012934538558111441,0.0043401568138905075,3225.097216108789,3162.076027641406
2025-01-15 07:03:49,3228.2552706662896,20562229178.674763,-0.00042441773283308226,0.004342654982531997,3226.2287690378353,3161.852975655418
2025-01-15 08:03:59,3232.374855078105,21172684174.030857,0.001276102435036064,0.004337087158104373,3227.965558921068,3162.039487746834
2025-01-15 09:01:42,3230.616191115736,20834946331.917072,-0.000544077974003021,0.0037908816356678364,3227.4186712838555,3162.9474660357337
2025-01-15 10:03:50,3197.3049019080495,20307228943.6978,-0.01031112556771474,0.004896668604995372,3224.717999294716,3162.9504932327404
2025-01-15 11:03:47,3209.581699195931,20613709888.905216,0.003839733045339244,0.005113519915471133,3223.540483611333,3163.82730448023
2025-01-15 12:03:51,3199.1557899723384,20336375548.107334,-0.0032483700995068476,0.005058280843491499,3220.425960180127,3164.6504627350946
2025-01-15 13:03:59,3200.572056237058,19351240660.727413,0.0004426999989055602,0.004840060685893439,3219.139872352388,3166.271869810595
2025-01-15 14:03:46,3294.314420979212,21116425735.957127,0.02928925301321539,0.010427552426182776,3224.725517163911,3170.703675305908
2025-01-15 15:08:41,3337.279681474653,18038480737.15157,0.01304224642973506,0.010767484733910353,3235.9080847830505,3176.4120775351876
2025-01-15 16:05:26,3333.911292573245,22858023990.947678,-0.0010093217299425028,0.010843455497105303,3246.336615920062,3181.9298494135205
2025-01-15 17:08:35,3346.011555029402,22937038897.272858,0.0036294494346962303,0.010766942233797434,3258.1122443563727,3188.206818411075
2025-01-15 18:04:00,3326.7660633712694,22015886581.154087,-0.005751770829722558,0.011160599915489339,3267.55136518569,3193.623571981766
2025-01-15 19:03:44,3375.736399605543,20272573358.567093,0.014720102135660218,0.011663944345393066,3282.06338603467,3201.049899402163
2025-01-15 20:03:57,3439.3676041736444,22892044431.508007,0.018849577406439888,0.011195323092556272,3306.26965626123,3209.440453956434
2025-01-15 21:02:03,3436.6801598074744,25002230101.802395,-0.000781377472680922,0.011450180902572962,3328.9795023223837,3218.023681588107
2025-01-15 22:04:04,3433.5892687551614,25399527867.78953,-0.0008993828079963961,0.011240616996514859,3352.4228502006663,3226.196717780059
2025-01-15 23:08:32,3429.7028639778664,25424441186.93285,-0.0011318781814296797,0.011355502090643954,3375.3359309747475,3232.971913784884
2025-01-16 00:02:18,3454.324754277295,25454100988.426098,0.007179015581213255,0.008264188032871206,3391.3369643045553,3239.824251121312
2025-01-16 01:03:55,3401.6905146596987,24351936357.795353,-0.015237200715544352,0.009817139397381746,3397.7780476230596,3245.259478096161
2025-01-16 02:04:10,3402.3417341501713,26424117642.089134,0.00019143995835779748,0.00978411784286802,3404.6210917807525,3250.583612926012
2025-01-16 03:03:47,3386.371847546493,26249448481.78943,-0.004693792643867711,0.009989234115046541,3408.657121032462,3255.6867123005068
2025-01-16 04:03:46,3361.4927877948494,26463371307.176125,-0.007346818622316675,0.010125170126915887,3412.1297934748195,3260.096595142788
2025-01-16 05:03:44,3371.8219588295606,26277859420.497364,0.0030727928592364506,0.008988512577049879,3411.7383493972216,3264.403163884424
2025-01-16 06:03:48,3367.2235314351155,25805948831.926403,-0.0013637811991832338,0.006051731016875217,3404.5239421233687,3268.558410822718
2025-01-16 07:00:51,3377.7951331800105,26450951904.49225,0.0031395604260313625,0.006269826333915181,3398.635439460622,3272.6071263511067
2025-01-16 08:03:40,3383.1707278359972,24052619829.3615,0.0015914507671535016,0.0063544699314352455,3393.5935853687056,3277.0839391402824
2025-01-16 09:03:38,3321.058464921701,25819522738.844048,-0.018359186665706795,0.008294664543977367,3382.7291454630895,3279.8263178443776
2025-01-16 10:02:32,3332.5625129319014,22394763490.875088,0.0034639703370809016,0.007850310794954905,3370.5529213285504,3283.0463207553066
2025-01-16 11:03:51,3333.30246387048,27302403846.943645,0.00022203662668207613,0.006737240848084322,3363.7141162496278,3285.992153239729
2025-01-16 12:03:42,3349.9454778883774,27734158608.866814,0.004992950444278721,0.007074102099580858,3358.474490623448,3288.1025520114363
2025-01-16 13:02:07,3358.9444544219086,28576428631.667095,0.0026863053721113417,0.007092085052823903,3355.7317513109906,3290.627554398427
2025-01-16 14:03:48,3326.491056411511,27572414527.63672,-0.009661784662045814,0.0073625138086301735,3352.231578172656,3292.8724400037167
2025-01-16 15:03:36,3275.419175646765,24488224102.041092,-0.015353079235343126,0.008449435302986905,3342.5912998543768,3294.721232083195
2025-01-16 16:03:32,3331.6616509216924,27701295938.802105,0.017171077122921874,0.01057955023567621,3339.035111803035,3297.208543599926
2025-01-16 17:01:36,3339.236824975076,27731155354.056896,0.0022736924835353722,0.010545297005457576,3335.179280982541,3300.268938522307
2025-01-16 18:00:56,3346.2661062455177,27763747917.88027,0.002105056226580748,0.010561086232122168,3331.488818823493,3303.296396454796
2025-01-16 19:03:37,3325.344520830803,27623816361.276894,-0.006252218069467408,0.008922672577323652,3331.9174244144037,3305.962361082373
2025-01-16 20:01:41,3345.241609656709,26915159742.016148,0.005983466886292588,0.009060686404489099,3333.185334086884,3308.613206749475
2025-01-16 21:03:45,3331.7822349164144,25619270097.785362,-0.004023438755945574,0.009169631657245271,3333.033311191478,3310.77640443549
2025-01-16 22:03:55,3322.335803126609,25464624464.848244,-0.002835248861948081,0.009028339565158042,3330.272343715301,3312.9603516296706
2025-01-16 23:07:19,3302.003952562429,25935233240.221268,-0.006119745796028808,0.009080835778529164,3324.578293529353,3314.6616358534025
2025-01-17 00:03:34,3306.8156612326384,24972929922.75217,0.0014572086343129786,0.008664929295301988,3322.6107540114654,3316.49780995314
2025-01-17 01:03:36,3314.1387649002777,24577018223.065117,0.002214548501596747,0.006941869585899401,3326.482712936817,3318.058883901388
2025-01-17 02:03:49,3384.8709055960794,26243498915.26003,0.021342540464786453,0.008045936591067905,3331.8036384042557,3321.27006957732
2025-01-17 03:03:45,3356.8053284482207,27451403689.37813,-0.008291476375497542,0.00862275565258145,3333.56048875157,3323.9790390256903
2025-01-17 04:03:31,3361.07359218414,26617642720.36297,0.0012715255483382037,0.008610159433941503,3335.0412373454324,3326.5944903836853
2025-01-17 05:03:38,3370.796981185023,26494074290.36601,0.002892941417139472,0.008296226607519563,3339.586483380854,3329.741771317096
2025-01-17 06:04:00,3363.8774112276037,27423372816.295624,-0.002052799381286552,0.008190297880010683,3341.450063537943,3332.2501600843693
2025-01-17 07:03:48,3366.718605600679,24551197885.943085,0.0008446188804598354,0.008028994778285286,3344.94370060637,3335.075452090717
2025-01-17 08:01:25,3372.002567409556,27615952101.726616,0.0015694693937553517,0.007910751606625788,3349.910377034664,3337.9229838148453
2025-01-17 09:08:34,3403.956133958619,24774289825.803455,0.00947613944837844,0.007774982544377799,3360.105595174284,3341.4370010806924
2025-01-17 10:03:56,3408.952072103325,26418464862.958755,0.0014676858185289632,0.007774741396672898,3370.3192362613527,3344.9685454211967
2025-01-17 11:03:31,3423.441039490791,27233599912.454666,0.004250270194771755,0.007776402548231604,3381.2494637204036,3348.8250423886984
2025-01-17 12:01:20,3424.242718987619,27276062133.726673,0.00023417359539146254,0.0045042513121015615,3385.1866450595576,3353.363798730289
2025-01-17 13:03:36,3407.6302988429225,26869443703.149254,-0.004851414314931524,0.0037738100179228436,3390.269142099028,3357.324770723229
2025-01-17 14:06:06,3400.7202094678064,26094216982.0677,-0.0020278283643218042,0.003937671152803733,3394.2338038273942,3361.3560591131386
2025-01-17 15:03:55,3426.085391292918,26164270541.03363,0.007458767632366081,0.00439631652452559,3399.762644838184,3365.8663258142556
2025-01-17 16:03:40,3419.939177777958,25646778639.369995,-0.0017939463886627038,0.004372877408825676,3405.368821493219,3368.3788209502304
2025-01-17 17:01:49,3444.6746356071176,25564783933.280563,0.007232718637186775,0.00469482439412177,3413.164424493863,3370.5267200328794
2025-01-17 18:03:57,3413.325046123592,24871617425.003063,-0.009100885511644341,0.0059298442376731954,3417.2966723652667,3372.1149951038865
2025-01-17 19:04:03,3414.5020736870374,25337173779.767593,0.0003448331311961539,0.005174698361623965,3418.351266338109,3373.484805477039
2025-01-17 20:03:59,3432.967304912719,25226025381.41432,0.005407884027360588,0.00541605704804294,3420.7527896190477,3375.608830307868
2025-01-17 21:01:24,3508.6807091170563,28267257416.954247,0.022054799093480515,0.00866138010470012,3429.2767565816744,3378.2677164980983
2025-01-17 22:03:46,3474.758129435636,28278019973.77849,-0.009668186561768044,0.009476401513699119,3434.328297626477,3378.975527003339
2025-01-17 23:04:01,3469.512644451865,28344380345.818764,-0.0015095971542119502,0.009284288903620699,3440.5165321873706,3379.6321766962265
2025-01-18 00:03:59,3475.543290362819,27680727381.053127,0.0017381824276090363,0.009185830008810038,3447.9988402768713,3380.47125712838
2025-01-18 01:03:57,3489.1560678207506,28010379517.490334,0.003916733678926754,0.009028164423071822,3454.3059079296554,3381.6603212052373
2025-01-18 02:00:12,3465.1430407098455,26827902513.459743,-0.006882187739427503,0.009393131125076495,3458.826294222844,3381.8766869338883
2025-01-18 03:03:37,3453.1409692149914,25445832440.602055,-0.003463658311893325,0.00925728094926867,3459.672927583631,3382.905696024994
2025-01-18 04:01:35,3386.91699327245,25711887787.396755,-0.019177895293859493,0.010810518216527381,3457.032122298517,3382.59720120744
2025-01-18 05:03:44,3368.8735243700526,27398411842.38682,-0.005327402159024719,0.010896677618666474,3452.4692673668187,3382.247234743911
2025-01-18 06:01:06,3289.2013745068225,28293430357.317543,-0.023649492712294107,0.012645704432658873,3438.092674326229,3380.80140647815
2025-01-18 07:04:01,3314.2544902794752,29178374746.86958,0.007616777728122193,0.009825087209530658,3418.650052442471,3379.6500571071483
2025-01-18 08:00:44,3292.4941286552494,30053048707.917194,-0.006565688207724518,0.009732324626346173,3400.423652364432,3378.1554690515504
2025-01-18 09:08:34,3294.0814292326595,30715897682.767178,0.0004820967070511273,0.009838999912772487,3382.8805308425117,3376.4811949726045
2025-01-18 10:03:40,3269.019382897858,31053020735.77137,-0.00760820485868785,0.009553730616186643,3362.2281400960155,3374.1981680738413
2025-01-18 11:03:46,3265.8601075395013,31774473380.002724,-0.0009664290688775612,0.009100861350789387,3339.8985440678907,3373.094200926197
2025-01-18 12:03:43,3312.110047272561,30852910987.48677,0.014161641408426462,0.011206078131995393,3324.5952447241625,3372.68515161301
2025-01-18 13:03:51,3287.3726308906516,33438556237.673027,-0.007468778521498742,0.011238441652167077,3308.0184108917283,3371.766554953414
2025-01-18 14:02:33,3309.3492786604534,31604393427.696182,0.00668517087576026,0.010528386806850722,3300.2616394305287,3370.954630968856
2025-01-18 15:02:12,3298.808810142777,32956682582.24103,-0.003185057734958363,0.01048081549894871,3293.255168007801,3369.751918083273
2025-01-18 16:03:40,3323.584779529514,33034315863.906708,0.007510580580044168,0.007574711982520136,3296.6935085100704,3369.693792545633
2025-01-18 17:03:58,3257.940375144288,34376644283.335106,-0.019751084669041852,0.009614434945422813,3291.0620969965516,3369.344216535583
2025-01-18 18:03:50,3263.555836513275,34446306827.45703,0.0017236231245449929,0.009502183486025868,3288.168267782354,3367.9821002474155
2025-01-18 19:03:41,3263.7681066977243,34690211130.3889,6.504260845607845e-05,0.00949664160856248,3285.1369355288602,3366.472725881868
2025-01-18 20:03:43,3285.7577874845797,34595598815.40116,0.006737513226423575,0.009451335746504919,3286.8107759875325,3365.2625595066493
2025-01-18 21:04:00,3263.4912451447867,32747052946.656273,-0.006776684034534131,0.009729501325988304,3286.573889748061,3364.025493992929
2025-01-18 22:03:11,3271.084106596084,31982634843.36813,0.002326606961974731,0.00844667933782535,3282.4712956804133,3362.542343931716
2025-01-18 23:03:52,3281.0938882360415,31715679888.167843,0.0030600807908831573,0.008233824228600486,3281.843421414952,3361.5285769981087
2025-01-19 00:04:05,3306.5974815912537,32358258996.026375,0.007772893499528255,0.008340795254114066,3281.5682417080325,3361.2138105674017
2025-01-19 01:03:51,3309.2324399230497,32683819722.54256,0.0007968790717545193,0.00826932721492513,3282.6106046860596,3361.358380314615
2025-01-19 02:02:11,3350.0452691380415,33391882129.402225,0.012333019803208778,0.008853514886306035,3285.256653646912,3362.222972472722
2025-01-19 03:03:45,3353.278643412752,34080134790.892147,0.0009651733081035285,0.005153570466503003,3294.790480473759,3363.0057700429716
2025-01-19 04:03:52,3342.5748752222685,33223782798.809235,-0.003192030644846744,0.005501012886390738,3302.692384344658,3362.1598494354957
2025-01-19 05:03:42,3291.821039351111,33481945517.1922,-0.015184053541293596,0.007839455742699425,3305.4976776099966,3360.8601636535527
2025-01-19 06:03:17,3295.4877374775324,32775065618.645374,0.001113881369184222,0.007569967160592571,3306.470672609292,3359.5484465594213
2025-01-19 07:03:58,3285.183992154026,31757638307.021957,-0.0031266222618061557,0.007271803239194686,3308.639947310216,3357.8361867788017
2025-01-19 08:03:44,3272.6785983304608,31838169656.615257,-0.0038066037864032953,0.0073760085609703,3308.799396483654,3356.012210520858
2025-01-19 09:03:45,3219.266133108149,31755777731.59007,-0.016320718218269192,0.008894002193970163,3302.6166209708645,3353.063161071008
2025-01-19 10:03:35,3221.16336768323,30237370422.9996,0.0005893375995134065,0.008299307350256089,3294.0732095800618,3350.046377076482
2025-01-19 11:03:55,3175.5829127170496,33956887718.223457,-0.014150308371029041,0.008943890081189832,3280.708256859462,3345.47891265165
2025-01-19 12:03:52,3138.3517813877743,34812509225.7429,-0.011724188079038411,0.007080579053867233,3259.538908084435,3340.066906837339
2025-01-19 13:04:00,3197.7227208828676,35483790065.13746,0.01891787270222456,0.010586849935094414,3243.983315831447,3335.55254046518
2025-01-19 14:03:53,3235.3241535139864,36532514861.89371,0.01175881585528371,0.011807012211380086,3233.2582436606185,3331.774169155708
2025-01-19 15:03:31,3378.077410184636,41844179419.07875,0.04412332424730936,0.01825131102725224,3241.883880743971,3331.183111382542
2025-01-19 16:03:37,3371.1211387975686,45614717161.13241,-0.002059239781212474,0.01831016342122595,3249.447220875975,3330.5911299691375
2025-01-19 17:03:44,3405.764517884521,45528693290.96456,0.010276515633997452,0.01834953736339931,3261.5052734490246,3330.18471250097
2025-01-19 18:02:45,3439.7786672354737,42748681949.46547,0.009987228762392775,0.018235601117390737,3278.2152803395256,3330.5815022901197
2025-01-19 19:08:18,3421.3965548416963,46981951009.325325,-0.0053439811604363285,0.01709496312042926,3298.4283225128806,3330.115940674811
2025-01-19 20:03:52,3419.3476230416727,47144100724.538994,-0.0005988583220860599,0.017142646114094037,3318.246748048725,3330.236392213173
2025-01-19 21:08:04,3350.4770108119674,48393623612.92596,-0.020141447966744552,0.018012361049277566,3335.7361578582168,3328.9558909556717
2025-01-19 22:03:50,3223.15014927828,49849140021.67958,-0.03800260712812065,0.022230572868391037,3344.2159946472666,3324.759547842983
2025-01-19 23:03:41,3256.0981444137906,56732500753.28322,0.010222296079780202,0.02169773294821988,3350.053537000359,3319.7078965489177
2025-01-20 00:00:42,3202.871407181103,59792720594.69139,-0.016346785284713783,0.022112716919787986,3346.8082623670707,3314.270162103827
2025-01-20 01:03:41,3165.537451067419,62834570772.7993,-0.011656401824306273,0.015601523843616362,3325.554266455349,3308.190658236138
2025-01-20 02:03:33,3196.5908601221627,64691480174.275955,0.009809837834732438,0.016396807786825462,3308.1012385878084,3302.6116096313244
2025-01-20 03:03:20,3243.3777483943845,65964055788.632095,0.014636495666647154,0.01690358731855203,3291.8625616387953,3297.696043242797
2025-01-20 04:03:37,3270.7459811506765,64921265317.33008,0.0084381884810798,0.016760085545723044,3274.9592930303156,3293.808102051614
2025-01-20 05:03:52,3266.171480863321,65787881149.75079,-0.0013986106881177518,0.016794830601127582,3259.436785632478,3290.0687122845807
2025-01-20 06:08:08,3296.371550476765,66690986678.90457,0.009246320896005633,0.017329234462993236,3247.1391783759873,3288.2578034286666
2025-01-20 07:03:23,3405.0813587024386,68755077237.3914,0.0329786271241026,0.019653517943645355,3252.5996131650345,3288.9819601153145
2025-01-20 08:04:21,3368.1144038448883,72199704452.1712,-0.010856408691402586,0.014828601565710045,3267.096038621695,3290.5602207020756
2025-01-20 09:03:41,3392.779499660317,71872484847.89836,0.007323116990109346,0.014732482121769138,3280.7641741463476,3292.130720889693
2025-01-20 10:08:20,3359.192739698139,69670883679.48471,-0.009899482110623636,0.013847011899276977,3296.396307398051,3293.464693110551
2025-01-20 11:00:41,3349.746231108299,69231404076.17392,-0.0028121365226244643,0.012926576148621794,3314.8171854021393,3294.5779891480634
2025-01-20 12:03:40,3372.3310205341154,68429575925.4308,0.0067422389242732805,0.012855641588603153,3332.3912014433345,3296.644221900789
2025-01-20 13:03:48,3297.935122043851,68890760536.31258,-0.022060674956659865,0.014997921832650344,3337.8469388082813,3297.2857221908757
2025-01-20 14:03:50,3336.40198987513,69171176408.72452,0.01166392497358748,0.015190723225193794,3344.4125396807262,3297.7715610429273
2025-01-20 15:03:50,3347.823349092821,62735441807.281906,0.003423256325931767,0.015144044739588428,3352.577726503677,3298.9805754069703
2025-01-20 16:03:40,3322.396309114672,60637974921.621315,-0.007595096074898611,0.015255730141775479,3355.180202367467,3299.2415160160544
2025-01-20 17:03:49,3369.819042642462,55266226514.262,0.014273653446366552,0.011590790694730577,3351.6539707614693,3300.6617206660485
2025-01-20 18:03:54,3283.6085701757115,60824533706.49665,-0.025583116296698294,0.013724297989308411,3343.203387394552,3299.8621964789722
2025-01-20 19:00:46,3320.997732860902,66603860175.11324,0.011386607717128072,0.014100881219195335,3336.0252107146102,3301.123343633305
2025-01-20 20:03:41,3344.655395659641,67086208417.58631,0.007123661231276612,0.014074970821759082,3334.5714763107608,3302.7453348162317
2025-01-20 21:03:47,3316.455189939374,66311538474.80361,-0.008431423385758086,0.014294921084488002,3331.2423721938676,3303.799076481065
2025-01-20 22:03:54,3279.2986638468005,61204004363.26425,-0.011203687058787826,0.014354461077973819,3321.9391365251367,3303.6698940083093
2025-01-20 23:03:50,3312.7838086527117,57415799054.03828,0.010211068962724834,0.013090229929084428,3323.4240051860224,3304.6557452784677
2025-01-21 00:03:59,3277.389476653469,53366294718.79591,-0.010684165959395142,0.012883656154047022,3317.5227538638565,3304.7818526796154
2025-01-21 01:03:51,3221.9626635817035,51129779300.50746,-0.01691187863590804,0.013570297680603267,3304.9366853127444,3303.5992281865288
2025-01-21 02:08:33,3245.106609774154,50993505701.22541,0.007183182615382089,0.01390457040578765,3297.207715378693,3302.3694107501874
2025-01-21 03:03:18,3253.15893251037,46246010894.82776,0.0024813738667206486,0.012802611337690605,3285.541704365484,3301.247940601933
2025-01-21 04:03:39,3259.8273105474577,50053114115.59368,0.002049816247969849,0.01021317845951612,3283.1635784026585,3299.4435814301214
2025-01-21 05:07:29,3233.454596468223,49945632537.77801,-0.008090218151711182,0.009487843160876737,3274.4092647633906,3297.047100491231
2025-01-21 06:03:36,3218.443345041415,49287751879.71975,-0.0046424809685604584,0.00885255598376583,3261.788059701568,3294.5644698876145
2025-01-21 07:01:37,3236.923424166024,48596053019.570114,0.00574193084774377,0.009158654549506652,3253.834883124233,3293.4665175839123
2025-01-21 08:02:26,3249.395807171596,45787092532.23449,0.0038531597357096548,0.008777803168768746,3250.844597456712,3292.544678977793
2025-01-21 09:03:45,3249.8509626960417,44921496632.186295,0.00014007389418102534,0.007897384676801698,3244.551312861045,3291.8380183886334
2025-01-21 10:01:43,3268.18059770476,44661472031.38621,0.005640146338745433,0.007556951961012,3243.6304249661744,3291.7480583761203
2025-01-21 11:03:28,3298.599518817873,44481581938.78364,0.009307601034800772,0.005366966787001652,3251.2941104897914,3293.334726090314
2025-01-21 12:03:54,3301.619577970662,43827463452.140366,0.0009155579922812684,0.005101361062945702,3256.945407309442,3294.943850296063
2025-01-21 13:03:51,3304.559377918401,42592947484.40178,0.000890411471798469,0.005100468873164805,3262.085451850245,3297.52337960009
2025-01-21 14:08:24,3304.6751325305822,41447056449.02371,3.502875843430786e-05,0.005119632513073603,3266.5702340485577,3300.849846622946
2025-01-21 15:03:32,3288.9092379675435,40918655970.11198,-0.004770785003294975,0.0045085946224204965,3272.11569819849,3302.67357696464
2025-01-21 16:05:51,3292.024811199172,42279137102.49653,0.000947296810645204,0.0039445893988280835,3279.4738448142657,3303.8075901183433
2025-01-21 17:03:38,3307.4996913752207,41847352879.60601,0.004700717966463985,0.003855498687679419,3286.531471535185,3302.3960357421547
2025-01-21 18:00:36,3346.2499028970174,35993735165.10756,0.01171586247546541,0.004898483109259987,3296.216881107727,3301.898611024144
2025-01-21 19:03:39,3343.555939102325,33690306079.009872,-0.0008050695174799394,0.004967403811591022,3305.5873787483556,3300.6544394484995
2025-01-21 20:03:49,3331.5561823524345,33144208789.047924,-0.0035889205888722797,0.005242717910233767,3311.9249372131226,3298.4899897508394
2025-01-21 21:03:33,3310.9639543168614,33478480959.548813,-0.0061809637624159475,0.005108726273098915,3313.1613807630215,3296.2813377403427
2025-01-21 22:03:53,3334.558801012791,32731107877.20049,0.007126277126987768,0.005539619226070676,3316.455303067235,3294.585561299765
2025-01-21 23:03:49,3336.4507867282746,33639013379.558273,0.0005673871202718228,0.005541316062438683,3319.644443948222,3294.305036818091
2025-01-22 00:03:57,3327.0818710455474,33739977540.7901,-0.0028080485167036873,0.005666406395172994,3321.885117799719,3296.3836712534358
2025-01-22 01:08:01,3358.5497694362957,32721660137.75052,0.009458107618151024,0.0059233639970756305,3328.849170946594,3298.432703753886
2025-01-22 02:03:46,3327.6142156267424,31140386470.833355,-0.009210985673362648,0.006930899123412909,3332.408111389351,3300.927559922799
2025-01-22 03:03:42,3337.211126116529,30427100325.32741,0.0028840213642311596,0.006849286038651243,3335.379254863482,3304.361033423781
2025-01-22 04:03:40,3333.2917944608726,30001688841.652805,-0.0011744332340811736,0.005708914758484179,3334.083444019867,3307.0950521105556
2025-01-22 05:05:00,3330.393939232113,29230078120.197815,-0.0008693674023902975,0.005709491306289751,3332.767244032846,3308.83537592731
2025-01-22 06:03:53,3319.3750552984166,28625754306.471107,-0.0033085827486933894,0.005692646456170621,3331.5491313274447,3309.8079574102653
2025-01-22 07:00:59,3308.008175411594,27919153820.825043,-0.0034244035993096222,0.0054401502736359,3331.2535534369176,3310.6446913012305
2025-01-22 08:03:34,3289.5021381143574,27877673236.517017,-0.005594314256776034,0.005041546233381141,3326.747887147075,3310.5073030539825
2025-01-22 09:03:37,3299.2109240038235,27048294731.59461,0.0029514453804342367,0.005196185999718643,3323.0239008746294,3308.3898943600097
2025-01-22 10:03:06,3298.2131099715552,27269346210.117905,-0.00030244020623493295,0.005165509482507312,3320.13702476723,3306.9918684825434
2025-01-22 11:01:39,3306.2839063252627,26741449403.596004,0.0024470208820972505,0.003940002660705858,3314.9104384561265,3305.261956615842
2025-01-22 12:03:53,3321.50460641664,26287400443.238544,0.004603567183767421,0.003334766612317744,3314.2994775351167,3304.5081939502124
2025-01-22 13:03:53,3315.6911601501356,25275148441.85676,-0.0017502448303921003,0.0031802762435810773,3312.147480938477,3303.8270925310494
2025-01-22 14:03:50,3285.91761296563,25251599439.247894,-0.008979589999919546,0.004138767278743721,3307.410062788953,3302.098824379679
2025-01-22 15:07:55,3294.6549092922637,24698234452.4901,0.002659012597320709,0.004336841422494502,3303.8361597949684,3302.0332201246474
2025-01-22 16:03:52,3285.7172221693227,23063681269.097046,-0.002712783999845647,0.004306655771845046,3300.470376482059,3301.019524770531
2025-01-22 17:00:28,3275.9551606469613,23361334236.966915,-0.002971059547210886,0.004280727621973005,3297.2650750055955,3299.5821610016137
2025-01-22 18:03:36,3284.575732824654,22992101033.818054,0.002631468306175,0.004077830793972534,3296.7724344766248,3298.825749475813
2025-01-22 19:02:53,3250.5480871182763,22112570027.936127,-0.010359829845395296,0.0050195659184030135,3291.90615078807,3296.44033036533
2025-01-22 20:03:56,3262.56190040873,20785343315.94913,0.0036959346450107233,0.0052759122966026155,3288.3410298317876,3296.0193969699903
2025-01-22 21:03:19,3260.1125839919055,22303627606.963776,-0.0007507340830890108,0.005133807766531495,3283.723897598452,3294.80169399261
2025-01-22 22:03:38,3259.942617477781,22229795144.894814,-5.213516703661547e-05,0.004724303798972341,3277.5676987045663,3293.1074384289736
2025-01-22 23:01:27,3243.9763434569513,22142778853.676674,-0.004897716277344366,0.004820128544961654,3270.3962170352474,3291.657861499325
2025-01-23 00:03:26,3238.016282192183,21778581966.255238,-0.0018372702614769532,0.004187217916446014,3265.6060839579027,3290.832213866233
2025-01-23 01:01:22,3251.2357298999846,21873312721.132343,0.0040825760452483095,0.004363293670038509,3261.264166018675,3289.6012522911783
2025-01-23 02:02:33,3234.182486130124,21395470042.453697,-0.005245157591321492,0.004523827254006659,3256.1106924147552,3288.737112480712
2025-01-23 03:03:19,3221.891854458696,21871238076.088287,-0.0038002282567964896,0.004559808288733181,3250.7043617959284,3288.7356962982512
2025-01-23 04:03:39,3224.841643325752,21949073104.586082,0.0009155455863529838,0.004410491558156238,3244.7309528460382,3288.330396969283
2025-01-23 05:03:50,3195.4159511032294,22026395809.245426,-0.009124693698812525,0.004154800841151643,3239.2177392445337,3287.1755373411397
2025-01-23 06:03:52,3214.8002262194154,22410561318.16828,0.006066276006882143,0.004546121550814548,3234.4415718256023,3286.2749956545795
2025-01-23 07:03:33,3206.1785291151036,22195508859.25349,-0.0026818764768008485,0.004553450069069488,3229.0481663379223,3285.7294743075167
2025-01-23 08:03:29,3228.8067353341867,21585490921.345238,0.007057687528500889,0.005322145060638416,3225.934578123563,3285.9367421133725
2025-01-23 09:00:31,3211.064274853937,21346626642.600414,-0.005495051867331124,0.005374513957286281,3222.643371263261,3285.419559127131
2025-01-23 10:03:41,3191.4898822784166,21305022793.24105,-0.006095920511093089,0.0056111932285057954,3217.9907312718847,3284.261440629267
2025-01-23 11:03:44,3195.7202591021282,21474983884.13831,0.0013255178552191715,0.005372793178347553,3212.439184192099,3283.1788265573887
2025-01-23 12:03:51,3211.68062655865,19924796041.56683,0.004994294294396795,0.005594863603494934,3210.1889982349517,3282.048827134466
2025-01-23 13:03:51,3204.3796780065013,22096302669.54374,-0.0022732486199824598,0.005520705280201655,3208.437780589732,3280.164430318239
2025-01-23 14:03:50,3238.300693615034,21750718451.23361,0.010585829089278187,0.006552747350512625,3209.7836856186605,3278.8980526311266
2025-01-23 15:03:49,3270.9926461035298,22784248638.598907,0.01009540360256067,0.006248617989672905,3217.3413551186904,3278.226717994829
2025-01-23 16:03:46,3262.2292934132247,24453933180.687534,-0.0026791110951424058,0.006283825213245431,3222.084261838071,3277.3778012124817
2025-01-23 17:03:55,3250.9130681173106,24244321003.613598,-0.0034688626329126837,0.006346403191126879,3226.557715738292,3276.617877815477
2025-01-23 18:03:41,3264.7620894642287,24337318929.45861,0.004260040504540097,0.0061273998562872516,3230.153251151296,3276.072623380778
2025-01-23 19:00:55,3244.563920356919,26631376707.92427,-0.006186720059171091,0.006213725224887199,3233.5032157015944,3274.8139079604125
2025-01-23 20:03:55,3203.236965171495,26748814321.207348,-0.012737291112106641,0.007319561868464444,3234.677923990902,3271.953649205902
2025-01-23 21:08:50,3245.515347568021,26595363899.86688,0.013198643389863207,0.008374798652345788,3239.657432837491,3269.9928373752164
2025-01-23 22:03:52,3243.5760133607855,31536372446.604378,-0.0005975427627198382,0.008307830092639516,3242.846971517705,3268.2332339953828
2025-01-23 23:03:50,3319.6428508115,33404085518.138065,0.023451535323169015,0.010787579896622703,3254.3732887982046,3268.4068119252756
2025-01-24 00:03:34,3332.580893146162,33863218042.431107,0.0038974199683858846,0.01050954935409323,3263.8013087513173,3268.3672537679436
2025-01-24 01:03:37,3287.968213252079,33840609547.664673,-0.013386825803939018,0.011321060471347535,3265.4988654661724,3267.397602298419
2025-01-24 02:02:13,3297.3786675287724,34518691621.9993,0.002862087972373084,0.011279614407024413,3269.0138028777274,3266.8035382280837
2025-01-24 03:03:35,3285.1156332489636,31010865172.666523,-0.0037190251761407556,0.011291216763721367,3272.4340593908923,3265.3348555043376
2025-01-24 04:03:47,3306.6561397426253,33515303368.651722,0.006557001000405682,0.011385517812455096,3276.6234644187325,3264.9156939866543
2025-01-24 05:03:13,3333.805453582116,34559120775.04262,0.008210504114166461,0.011238175416676087,3285.547617741252,3264.8475805359667
2025-01-24 06:03:34,3403.4423655711903,35915064257.109276,0.020888115086094894,0.011111290507822263,3305.568157781222,3266.2505919581727
2025-01-24 07:08:20,3396.8665988351663,37017763968.21931,-0.0019320928723646213,0.011072849944604706,3320.703282907936,3267.5800451502346
2025-01-24 08:03:43,3386.3963916095577,37178896574.51558,-0.0030823133381802093,0.011229786860165165,3334.9853207328133,3268.9204718764563
2025-01-24 09:00:49,3403.7431714597997,37460846368.998146,0.005122489467925817,0.009055440297173051,3343.395352797643,3270.8351717974206
2025-01-24 11:03:36,3405.6832675232554,37611451561.95622,0.0005699889697092786,0.009061222131723203,3350.7055902353522,3273.158794385599
2025-01-24 12:03:44,3402.5711232275503,37088780498.62253,-0.0009138090806571908,0.007378018660426009,3362.1658812328997,3275.225998370073
2025-01-24 13:03:50,3402.7002054418053,37105230394.58433,3.793666894247316e-05,0.00745692028054291,3372.6980350242034,3277.3157402794786
2025-01-24 14:03:34,3394.9942045726916,36840144014.38363,-0.002264672290785419,0.0073204822029631,3383.6858921565754,3279.089946244427
2025-01-24 15:03:38,3406.1715098838736,33614887660.86558,0.0032922899532870087,0.007232314994089826,3393.6374291707007,3280.783284313771
2025-01-24 16:03:38,3384.035089006255,31288044392.574215,-0.006498915516551129,0.0075424003757786915,3398.6603927131146,3282.150162890894
2025-01-24 17:03:32,3381.2633890427473,32958570231.209663,-0.0008190517800811259,0.003254056682005387,3396.4424950602706,3284.057078412436
2025-01-24 18:03:53,3399.264783056867,32732603978.944927,0.005323866242557429,0.0037127586120785177,3396.68231348244,3286.1492758877284
2025-01-24 19:03:53,3380.149382083759,30794363670.494373,-0.005623392760806922,0.004026682997332081,3396.0576125298603,3288.037919086017
2025-01-24 20:03:42,3369.80659274122,31401630423.758087,-0.0030598616136199297,0.0036431586985431214,3392.6639546580022,3289.9149477279025
2025-01-24 21:03:44,3341.058946091282,28210247632.6428,-0.008530948545196093,0.004288250610782398,3386.201522514805,3291.0446119932353
2025-01-24 22:03:35,3329.131794879696,27816004014.02756,-0.0035698715299650186,0.004302224574844852,3378.85758968002,3292.616286148463
2025-01-24 23:00:43,3325.1683626311296,26806926749.89928,-0.001190530292210723,0.004249347520632182,3371.104405398952,3293.8684153929116
2025-01-25 00:02:39,3311.5508041263997,26127213571.141846,-0.004095298950202553,0.004287201744256322,3362.760065354323,3294.8971797956015
2025-01-25 01:03:56,3275.9490611279393,24168275836.724144,-0.01075077663132884,0.0044828806988829566,3349.7378204787296,3295.2173086686043
2025-01-25 02:03:00,3293.3574132465774,25057979606.594814,0.005313987425874078,0.0052134134174440065,3340.670052902762,3296.204930064397
2025-01-25 03:03:54,3295.487058938232,25199925727.37643,0.0006466488219860622,0.0052921842802121115,3332.0924198923103,3297.3543455993176
2025-01-25 04:03:53,3321.624008769706,24779163561.013214,0.007931134112811433,0.005766381623707843,3324.3283424635943,3298.762111176712
2025-01-25 05:03:41,3306.4105960229454,24019546296.545097,-0.004580112832335725,0.005708577480861469,3316.9544638575126,3300.2066733745687
2025-01-25 06:03:42,3294.426309069584,22678325271.15842,-0.0036245610172482845,0.005720933802768431,3309.416435490349,3301.6573624667863
2025-01-25 07:03:33,3291.1434283106696,21528311613.28162,-0.0009964954292274175,0.005280267930727209,3304.424883712288,3302.9833981664847
2025-01-25 08:02:46,3290.5455480415953,21005605003.59242,-0.0001816633890614483,0.005240649948079345,3300.5662590284783,3304.885990105252
2025-01-25 09:01:33,3290.8317855741634,20193094312.6069,8.698786520011659e-05,0.005255178052118988,3297.1326013227817,3306.406621292347
2025-01-25 10:03:35,3285.1077309938546,20027478783.468918,-0.0017393944611210355,0.005154078569764802,3294.4882940095267,3307.985205329922
2025-01-25 11:08:42,3295.3042793688965,19860658859.65576,0.003103870317201718,0.003884653833472063,3296.423815833622,3309.315156210616
2025-01-25 12:03:50,3306.224737344296,19555270511.40429,0.00331394525348383,0.0036597325859092744,3297.7105482433944,3311.218365460423
2025-01-25 13:03:43,3304.648246120728,19337366289.6954,-0.00047682518546343644,0.003668418425651131,3298.626666961644,3313.48153273727
2025-01-25 14:03:34,3307.28624716949,18581520098.148087,0.0007982698466799665,0.002534412891526186,3297.192890801622,3315.712852498617
2025-01-25 15:03:26,3314.2348760366863,17715524374.71143,0.0021010061869133345,0.0021736473722868345,3297.9753188029963,3317.7639374881774
2025-01-25 16:08:18,3335.5235849135734,16823471412.123539,0.006423415863134219,0.002489001688444029,3302.0850463873953,3320.3868156263193
2025-01-25 17:03:54,3338.235253347689,16777530904.105059,0.000812966349984956,0.0023710572101598142,3306.794228891097,3322.3855068209723
2025-01-25 18:03:51,3343.510235208843,16491272293.482086,0.0015801707970892753,0.0023029481212839863,3312.090697607822,3323.8358586030786
2025-01-25 19:03:36,3340.3709250556967,16135868350.364489,-0.0009389264372776651,0.002398720205070029,3317.0446115559753,3325.398691235928
2025-01-25 20:03:43,3340.1146939774094,15215095329.032898,-7.670737293430374e-05,0.0021986802726687263,3322.545307854331,3327.1827237531297
2025-01-25 21:03:33,3338.3394032210363,14038112586.010876,-0.0005315059268995448,0.0022344285923293706,3326.8488202395447,3328.6542700282657
2025-01-25 22:03:51,3341.030795746591,13380008682.579077,0.0008062069791219262,0.0021212138774348932,3330.3294260797747,3330.5836075360594
2025-01-25 23:03:50,3334.839304245218,12558089098.714209,-0.001853168043004949,0.002270662199833122,3333.3485318922235,3333.2156543175342
2025-01-26 00:05:32,3317.7491699951247,12674955548.82772,-0.005124724969007621,0.002968840696886319,3334.394824174787,3334.6603307660757
2025-01-26 01:06:22,3321.327488847334,11869339961.408262,0.001078538089789971,0.002917851752387525,3335.1040854558514,3336.2153602758067
2025-01-26 02:03:29,3330.3188406105355,11104961015.294615,0.002707156037275338,0.0021840229667472763,3334.5836110255477,3336.4288800717873
2025-01-26 03:02:42,3325.3833488475016,11348772099.50527,-0.0014819877613067023,0.002191687719410885,3333.298420575529,3336.2849291858142
2025-01-26 04:03:41,3339.288693678864,11456975139.42675,0.004181576489874939,0.002572042379062514,3332.876266422531,3337.3113387943504
2025-01-26 05:08:32,3349.9061062538226,11621942314.487011,0.0031795431748853353,0.0027504830394067406,3333.829784542343,3338.3618875688508
2025-01-26 06:03:37,3341.243937059639,11486753822.940134,-0.002585794622127602,0.0028979881341945368,3333.9427088505668,3339.4844536450646
2025-01-26 07:03:41,3341.751845011589,11420630525.817589,0.00015201163444444887,0.002891126804969698,3334.2839530296224,3340.186367750444
2025-01-26 08:03:50,3337.819507071522,10166305639.579056,-0.0011767294887372604,0.002905725655096072,3333.9628241621153,3340.2666488202317
2025-01-26 09:02:48,3330.7732626087236,10844585616.401688,-0.0021110322016724137,0.0029241735471492434,3333.5562199984656,3338.813266760983
2025-01-26 10:01:52,3298.607876027861,11497385579.49144,-0.009657032780331032,0.003955691818702822,3331.642090601739,3336.8480923048364
2025-01-26 11:03:39,3305.4299451131224,11420206271.955479,0.002068166129972404,0.004013512011121585,3330.052336228318,3335.228763374908
2025-01-26 12:03:49,3311.7569245050686,11383583791.87733,0.001914116921854614,0.00395105448260704,3328.1961446177716,3333.3890384358133
2025-01-26 13:01:58,3306.607051415574,11373289097.819897,-0.0015550274995693725,0.0039530322906619385,3326.318514874579,3331.407514113659
2025-01-26 14:03:26,3307.4368673000636,11599239666.346983,0.0002509569088755548,0.0036098015849006988,3323.133332236698,3329.50482899511
2025-01-26 15:03:40,3309.472973583889,11228276137.212835,0.0006156145575917371,0.003366600318193446,3319.090018969705,3327.6402843579517
2025-01-26 16:03:42,3313.529240853614,10976907011.057953,0.0012256535412440428,0.003408832292099029,3316.3185493491023,3326.0109850835697
2025-01-26 17:01:39,3316.2071933815573,10659928515.111912,0.0008081873836893738,0.003435985853574105,3313.7640841860994,3324.2116987535237
2025-01-26 18:03:56,3338.5233359680146,10023530808.428967,0.006729417459498732,0.004162638913274563,3313.834467075749,3323.3014636927587
2025-01-26 19:03:49,3339.232296398693,10855658898.76788,0.00021235748842629576,0.00409420441150399,3314.6803704547456,3322.460841839878
2025-01-26 20:03:32,3337.4726601937905,11013161959.120953,-0.0005269583091899177,0.002230492348488892,3318.566848871339,3321.224999382616
2025-01-26 21:03:37,3328.0174409146484,10991859630.2998,-0.002833047710597003,0.0025305469132151015,3320.8255984514917,3320.1823605592344
2025-01-26 22:03:53,3293.3806900194404,10650203187.554462,-0.010407623009838773,0.004268287797836252,3318.9879750029286,3318.653842504799
2025-01-26 23:03:36,3289.5012094314807,11918604965.614542,-0.001177962997025106,0.004260061203762394,3317.277390804519,3317.622687771602
2025-01-27 00:01:00,3236.6656039704103,13700041050.674719,-0.016061889659618633,0.00648068330897366,3310.200264471554,3315.7733639534167
2025-01-27 01:03:45,3213.11404996487,15102101776.384096,-0.007276486633852386,0.006587270647729424,3300.564372109652,3313.5322777000915
2025-01-27 02:03:44,3194.5580100259854,16432583040.16392,-0.0057750953281872075,0.006467367480918041,3288.667249026889,3311.192421818083
2025-01-27 03:02:14,3169.3003615156417,18615916752.070316,-0.007906461060050773,0.0063894167568952515,3273.9765658402976,3309.059447825837
2025-01-27 04:04:07,3178.284340769204,19247308334.410633,0.002834688489186332,0.005711433620789211,3257.9526663204165,3306.7579863762894
2025-01-27 05:03:58,3157.9155780735014,19974966871.79591,-0.006408728896412419,0.005430862456749376,3239.820994487897,3304.0065567589954
2025-01-27 06:02:20,3140.238934449356,21234527316.867844,-0.0055975668719203675,0.005138184796582007,3220.0976219134536,3300.3788552725878
2025-01-27 07:03:38,3082.0743571003895,21807120287.71087,-0.018522341313230495,0.006305710815721976,3195.5033135320277,3295.892130494137
2025-01-27 08:00:25,3080.6280470891684,25761150219.21196,-0.00046926512590106384,0.006595795628551165,3174.228049239001,3291.616165254529
2025-01-27 09:09:07,3066.620735854936,27152131815.986416,-0.004546901157855721,0.00636814227121398,3151.940001881346,3287.125711405414
2025-01-27 10:03:44,3080.328127939127,28159224552.844894,0.00446986871376831,0.006421797413086578,3136.3062542782177,3282.921363003365
2025-01-27 11:03:48,3036.4867780905956,29657893205.64225,-0.0142326882161945,0.007051335388099613,3118.6435270907905,3277.8344628536934
2025-01-27 12:02:59,3064.3923064452365,29601851333.41582,0.009190070760719316,0.008460852911578751,3105.6269567327154,3273.420154362721
2025-01-27 13:03:55,3113.710254682297,31999593100.64112,0.01609387549150676,0.010439694042056285,3100.067946049381,3269.7882738689887
2025-01-27 14:03:49,3104.672740253603,33529094715.40398,-0.002902490498306265,0.010318586869847789,3092.706785997821,3265.7572339271755
2025-01-27 15:03:45,3138.0101322940636,33030297777.32004,0.010737811946561981,0.010963111987820347,3090.7162414198774,3262.424471650642
2025-01-27 16:04:02,3128.272856545885,35457397043.02973,-0.0031030096582448374,0.010864138633764979,3089.5196336295303,3258.84420383817
2025-01-27 17:02:33,3087.6463590078633,36462929774.55241,-0.012986877871925762,0.009935459413423792,3090.0768338202774,3254.3124334975937
2025-01-27 18:01:47,3070.5697209038567,37225735986.88182,-0.005530632759864984,0.010102277758536055,3089.0710012017466,3249.013356217399
2025-01-27 19:03:50,3057.220359597594,38012131761.955124,-0.004347519359480079,0.010093115771033959,3088.1309635760126,3243.393058342397
2025-01-27 20:02:12,3074.88550801951,39808224034.93666,0.005778173093234695,0.010169445614498788,3087.586701584051,3238.02056379861
2025-01-27 21:03:33,3146.9973875315336,39468513251.03971,0.023451890915596962,0.011284160014714174,3098.6377625281443,3234.1530930481267
2025-01-27 22:08:34,3169.2247327629775,41676736155.820496,0.0070630326289780054,0.011187512306373373,3109.1210051599182,3230.7352938238387
2025-01-27 23:01:25,3174.166459712812,41480784507.93916,0.0015592857454214126,0.010264887853578328,3115.1666256629696,3227.4518349536743
2025-01-28 00:03:59,3179.8911263520895,41090353469.144066,0.0018035180926823102,0.01012348587713263,3122.6884642728187,3224.2290415657835
2025-01-28 01:04:01,3165.118845816878,39803160905.50439,-0.004645530286490618,0.009888995106039078,3125.3993356251,3220.8346323972173
2025-01-28 02:08:27,3168.0513083969204,37832538315.20859,0.0009264936714519223,0.009789159704814667,3129.3771808102038,3217.8406751652533
2025-01-28 03:03:56,3193.6177575517345,36505321794.45275,0.008070086834468304,0.00856041230211747,3139.9743206645903,3215.286480539341
2025-01-28 04:01:45,3206.2455628357957,36992058088.42583,0.003954075359895892,0.00796406118385341,3153.5419048577846,3212.8050149838464
2025-01-28 05:03:53,3211.628559805589,34817106684.44516,0.0016789097604339442,0.007442787128158671,3168.9827248785837,3210.5299192030084
2025-01-28 06:03:48,3211.649761892457,34841214632.43328,6.601662201344283e-06,0.007594862772532373,3182.6591502658785,3207.97714056728
2025-01-28 07:03:53,3194.397624513541,32802922063.020287,-0.005371736851141007,0.004318059794133082,3187.399173964079,3204.8669709324745
2025-01-28 08:03:39,3197.0257426378666,29131361751.742058,0.0008227272973651001,0.003851173309264251,3190.1792749515685,3201.9826070440386
2025-01-28 09:03:45,3197.690968144678,28193630997.102444,0.000208076368588328,0.0038484123105153338,3192.531725794755,3199.101389506701
2025-01-28 10:03:59,3198.1591236995973,27164435928.726944,0.00014640425218792608,0.00383343213363127,3194.3585255295056,3196.308181839262
2025-01-28 11:01:44,3195.6400286660432,26031368419.011967,-0.0007876703241207483,0.0034211087742121392,3197.410643814422,3193.605517160408
2025-01-28 12:03:53,3187.0900405251123,24528512517.78579,-0.0026755166615246573,0.0036100655082469085,3199.314517027241,3191.375160450354
2025-01-28 13:03:51,3172.7178841516293,24394023195.869778,-0.004509491790547271,0.0028265410184281034,3197.2245296872306,3188.7209192311234
2025-01-28 14:03:44,3175.4200090393138,22112991757.827984,0.0008516751209373119,0.002403282441689259,3194.141974307583,3185.9941809218085
2025-01-28 15:03:51,3175.8246753337644,21651702564.76252,0.00012743709282503346,0.002259561191679818,3190.5615858604006,3183.3785334001727
2025-01-28 16:03:46,3178.653415501701,21668438444.490604,0.0008907104318154335,0.0023248139476652156,3187.2619512213246,3180.802864364205
2025-01-28 17:04:03,3152.3571515749186,20373398885.22902,-0.008272768524728247,0.003007578848418828,3183.0579039274626,3177.6605479240256
2025-01-28 18:03:43,3167.4596718942676,20558087165.9444,0.004790865880093476,0.0035368741283215207,3180.1012968531027,3174.739156544839
2025-01-28 19:03:55,3144.756122232627,18962401588.434544,-0.007167747031823435,0.004011956459954539,3174.807812261897,3171.31013512186
2025-01-28 20:03:36,3144.3051777983596,19820325043.091595,-0.00014339567735621728,0.003998477377318163,3169.4224176717735,3167.425771958467
2025-01-28 21:08:31,3101.696068896374,18647697052.373226,-0.013551200183380518,0.005451645580688165,3160.0280216948067,3162.67504740842
2025-01-28 22:04:00,3062.0439368460593,18926113463.044476,-0.012784015960797701,0.00626787210496266,3147.5234113269016,3157.1664729414665
2025-01-28 23:03:53,3083.821425419617,19736796968.169086,0.007112075797314876,0.007170534986198382,3138.6337654537006,3152.282552631565
2025-01-29 00:04:03,3077.9220012612527,18955044495.35721,-0.0019130239221167855,0.007066005135930601,3128.8839646758943,3147.9733788564017
2025-01-29 01:03:46,3108.7998351040037,19624271851.490013,0.010032039093290201,0.008174510959247165,3122.1814806529183,3144.359351369852
2025-01-29 02:00:37,3110.544041660232,19573161802.51478,0.0005610546348249201,0.008161762027024708,3115.370543268771,3141.8369201236487
2025-01-29 03:03:45,3113.4969374416532,19521738708.91163,0.0009493181070168166,0.007908081337224418,3111.4845218554447,3139.8445778731843
2025-01-29 04:03:57,3126.3840597278695,19371436376.53288,0.004139115131683857,0.007855628475361717,3107.3769606388046,3138.4810988672225
2025-01-29 05:03:49,3124.9443696406515,19089460161.892284,-0.0004604968742526472,0.007578181283395878,3105.3957853796073,3137.5939790297216
2025-01-29 06:03:47,3127.804143744475,19000837228.892204,0.0009151440043562165,0.007592737747577284,3103.745681974219,3136.5843750892277
2025-01-29 07:03:45,3145.730163910449,19019730792.485897,0.0057311837129654375,0.006237518666154153,3108.1490914756264,3136.340666805966
2025-01-29 08:03:34,3155.4935796109608,17757784097.586445,0.003103704129655771,0.003737746907849212,3117.4940557521163,3136.6457597091985
2025-01-29 09:03:57,3145.8458543701104,18876767194.646458,-0.003057437766056159,0.003880496056329643,3123.6964986471658,3137.921189654593
2025-01-29 10:04:03,3127.5425019654253,18934146159.449093,-0.005818261050285933,0.0044698132889930695,3128.6585487175826,3138.859478752118
2025-01-29 11:03:52,3134.381705805671,19107990309.65818,0.0021867660746250905,0.003383832274793862,3131.21673578775,3140.214698151133
2025-01-29 12:02:15,3133.2837061900523,19078084679.905098,-0.0003503082006843794,0.0034039442512084875,3133.490702240732,3141.273809716151
2025-01-29 13:03:41,3116.0061790890772,18943135947.675842,-0.005514191730178086,0.003931295022628409,3133.7416264054746,3142.8641977361203
2025-01-29 14:08:24,3099.3966546547354,19525080138.451878,-0.005330388798907126,0.003987019496394715,3131.042885898161,3143.5642847003114
2025-01-29 15:04:00,3097.7693560767407,19572997268.101322,-0.0005250372118557056,0.003986354150353784,3128.32538454177,3143.2454667282
2025-01-29 16:02:02,3100.0496429185796,19095302369.121075,0.0007361060749619952,0.003977859295451694,3125.54993445918,3143.153004781499
2025-01-29 17:03:48,3085.673528052318,17445971328.63422,-0.0046373821461539455,0.003366356672433989,3119.544270873367,3142.1062726966647
2025-01-29 18:02:07,3119.3521237153523,18358163842.924236,0.010914503869854375,0.0051141121530290145,3115.930125283806,3141.9278580400533
2025-01-29 19:03:52,3125.1303990701094,18641280941.86271,0.0018523959865983652,0.005145118691038883,3113.858579753806,3142.677538841299
2025-01-29 20:01:23,3132.0551364549533,20106385671.379448,0.002215823501926284,0.004867976607911267,3114.309843202759,3143.9072471523205
2025-01-29 21:00:40,3142.339052314129,22689236409.27053,0.0032834402368839832,0.004930786926567588,3115.1055778536047,3145.6096210066517
2025-01-29 22:03:44,3139.3536906250492,21787027144.551003,-0.0009500444221259841,0.004942728593094736,3115.7125762971045,3146.8989846587624
2025-01-29 23:03:57,3134.723385089722,22562434332.514645,-0.0014749231821679087,0.004574814744590996,3117.5842968971688,3146.653504609926
2025-01-30 00:03:56,3112.973706322043,21820482500.62419,-0.006938308774270374,0.004827992320486461,3118.9420020638995,3145.5284840811073
2025-01-30 01:02:42,3124.9040785496995,20476077028.366722,0.003832468036407466,0.004926093919295143,3121.6554743111956,3144.5432364578446
2025-01-30 02:09:13,3131.6686753226077,22666119442.39715,0.0021647374136513076,0.004942037596063854,3124.817377551598,3143.5787874372554
2025-01-30 03:03:43,3154.8703661595905,22981312905.10809,0.007408731012897629,0.004875808352196677,3131.7370613623257,3143.373817844109
2025-01-30 04:04:02,3197.9130946974087,21609498964.68607,0.013643263761171198,0.0054574527779056685,3139.5931584605314,3143.971053570119
2025-01-30 05:03:53,3198.2793318640856,23838975556.852657,0.00011452380218957003,0.005507936357408495,3146.9080517399284,3144.0642850563663
2025-01-30 06:03:49,3189.6666411575675,23946729070.91123,-0.0026929138492410853,0.005733362789999529,3152.66920221019,3143.732706622802
2025-01-30 07:03:42,3187.33683801765,23923736256.862953,-0.0007304221418800161,0.005761444989374096,3157.1689807805424,3143.246872187043
2025-01-30 08:04:02,3193.403322426032,24034751688.540962,0.0019033082214665598,0.005700384753395936,3162.5739439606405,3142.8819433977146
2025-01-30 09:04:02,3202.5686590364867,24072164208.801662,0.002870084259664285,0.00559414628782145,3169.3584713553173,3143.0453640881733
2025-01-30 10:04:01,3218.2572448246615,24324495957.90012,0.004898750802393437,0.004623830280424481,3179.886825205579,3143.4699941319095
2025-01-30 11:03:57,3216.3974824333927,24381584347.90765,-0.0005778787243497785,0.0047794867777540915,3189.036165593948,3143.8441244176834
2025-01-30 12:08:31,3219.113535318432,24352995434.282192,0.0008444394388047449,0.00482012472242559,3197.780651593531,3144.2632126500603
2025-01-30 13:03:55,3219.7290440976994,24208767203.34844,0.00019120443330589154,0.004582568013875531,3204.2665193873413,3144.7449929586937
2025-01-30 14:03:46,3258.967817674567,24606133969.1482,0.012186980034484263,0.004178403594422752,3210.3719916850573,3146.1825485016825
2025-01-30 15:03:47,3270.5846570160456,25900575803.175613,0.003564576268128894,0.004156902417304096,3217.6025242002534,3148.139883958971
2025-01-30 16:03:43,3261.6244462663503,26573881061.92518,-0.0027396357805550275,0.004163091769204791,3224.7983047111315,3149.863972703512
2025-01-30 17:04:01,3274.8295666005865,26569147483.392162,0.0040486329900282225,0.004057022769216625,3233.5475775694254,3151.844070528848
2025-01-30 18:04:05,3273.6194481077014,26789982309.999294,-0.00036952106003529384,0.004169894052738732,3241.5691901375926,3153.743391180968
2025-01-30 19:04:01,3271.4577056301623,26301321028.363113,-0.0006603524055884824,0.004282243127523538,3248.45809479696,3156.125402262073
2025-01-30 20:03:47,3273.9386920077623,23073567605.85887,0.0007583733616149946,0.004184784167946077,3254.02623951527,3158.254982664343
2025-01-30 21:03:53,3244.0670914599023,19866262753.988396,-0.009124056177588713,0.0054026884621613735,3256.793200417921,3160.2412020488887
2025-01-30 22:03:37,3242.075609616321,19832125682.09909,-0.0006138842962970514,0.005423100374124303,3259.08940784771,3162.1966106852474
2025-01-30 23:08:25,3262.0111589484236,18640653201.061382,0.0061490081455755075,0.0056792477737674886,3263.317619332782,3165.4029124862886
2025-01-31 00:02:36,3246.117188628738,19057543901.30004,-0.004872445109847301,0.004489962055468457,3262.0325564281993,3169.084377521942
2025-01-31 01:04:08,3268.119355262439,19059375582.939903,0.006777995172440265,0.004900346404359678,3261.7860262528384,3172.7703361187987
2025-01-31 02:03:56,3270.329244872047,19019447755.122765,0.0006761961144563511,0.00481140597599172,3262.656506113409,3176.6184809910146
2025-01-31 03:03:56,3247.395579941375,18871064429.504143,-0.007012647110878012,0.005110175874321969,3259.913107447487,3179.3903958877618
2025-01-31 04:03:54,3231.8820186725907,18615636214.628693,-0.004777231749839572,0.005254189053420399,3255.739364503976,3181.817155428009
2025-01-31 05:04:00,3215.8239546643,17424973285.957054,-0.004968641774518168,0.005373923584585272,3250.1759894073903,3183.863695772462
2025-01-31 06:01:36,3244.7451388975105,18100815366.61606,0.008993397847933515,0.006337254624164199,3247.256634096365,3186.2309173558547
2025-01-31 07:03:54,3261.272820620252,17579836628.46083,0.005093676395292235,0.005858274112429154,3248.9772070123995,3188.957486375447
2025-01-31 08:08:39,3242.0869637910237,18784097418.83757,-0.005882935247833454,0.006200973100262167,3248.9783424298703,3191.2431427763777
2025-01-31 09:03:49,3235.9896150006634,18691882750.91977,-0.0018806863783907835,0.005827434454841698,3246.376188035094,3193.0483317981825
2025-01-31 10:08:35,3264.1103149103064,18761614237.268864,0.008689984596763622,0.0063273139553404675,3248.175500663251,3195.2206665041685
2025-01-31 11:03:53,3268.096102927682,18914909169.231525,0.0012210947648332304,0.005954653133129316,3248.1731754297753,3197.665671475321
2025-01-31 12:03:58,3333.9276785681336,20296019953.222054,0.020143708620281142,0.008730163399147969,3254.5330187993836,3201.7933750073744
2025-01-31 13:03:43,3351.996572631252,22189716052.47113,0.0054197018667418995,0.008177866839549934,3264.9931180683716,3206.145672343886
2025-01-31 14:04:01,3353.3216390123907,21876583544.430115,0.0003953066038187014,0.0077703013815672815,3277.1370801023513,3210.5464310003335
2025-01-31 15:03:55,3350.506123529687,22112589424.270077,-0.000839619871219055,0.007355804106870347,3290.60529698889,3215.2364298891457
2025-01-31 16:03:49,3422.1928971455222,23821049251.015255,0.02139580438680544,0.009103790748942126,3308.350072813691,3221.692354738961
2025-01-31 17:08:40,3399.9510795986057,25194980037.472485,-0.006499288092576161,0.009851141730756706,3322.2178987115267,3227.735989209398
2025-01-31 18:01:07,3377.8940116888007,25014936461.91598,-0.006487466258605412,0.009921606405343949,3335.7986035013046,3233.292876584803
2025-01-31 19:03:56,3300.8955276293023,27050781665.04472,-0.02279481943277506,0.01304736391663917,3342.2891947641683,3237.597316576342
2025-01-31 20:03:40,3335.1029312440496,29133828347.53819,0.010363067636774081,0.013152071247607528,3349.388456397543,3241.9123327269167
2025-01-31 21:04:08,3314.791084244147,29752566850.447086,-0.006090320874242439,0.013415093275821617,3354.057954529189,3245.705546430397
2025-01-31 22:03:47,3311.3893978160318,29699648004.122795,-0.0010262144254834515,0.01170795357447983,3351.804126453979,3249.292231657619
2025-01-31 23:02:45,3294.4035821749785,31181160654.236816,-0.005129513204413794,0.011578193022670767,3346.0448274083515,3252.3335222548358
2025-02-01 00:03:44,3298.5292384592553,29107012671.169563,0.001252322668236383,0.011598344004973702,3340.5655873530377,3255.5170332115194
2025-02-01 01:03:54,3316.9787661512464,31612889091.582214,0.005593258800582479,0.011820583029968768,3337.2128516151943,3259.16214083275
2025-02-01 02:03:51,3314.6632953858016,31651195811.509575,-0.0006980662008070349,0.008880626438389756,3326.459891439222,3263.195932614025
2025-02-01 03:01:39,3306.5005163831156,31398338956.673534,-0.0024626269021197356,0.008802958956948454,3317.114835117673,3266.827861370694
2025-02-01 04:03:54,3287.122906871301,31223628026.510303,-0.005860458637705346,0.00877555507596682,3308.037724635923,3269.9369460016674
2025-02-01 05:03:50,3294.8422771065693,31295313146.46757,0.0023483667796941887,0.005279122545295453,3307.4323995836494,3272.7363842206078
2025-02-01 06:03:36,3299.012513548596,29611388403.82474,0.001265686212357675,0.0038534707244108914,3303.8233578141044,3274.758372597631
2025-02-01 07:03:34,3291.9741923024276,31242799252.81046,-0.002133463033942129,0.0034655433062183625,3301.5416686199324,3276.6322698063977
2025-02-01 08:01:37,3282.0333730246434,30743869727.41932,-0.0030197136116767442,0.0035438003435159043,3298.6060661407937,3278.479604443739
2025-02-01 09:01:13,3264.3711288019113,30561027860.889915,-0.005381494401580422,0.003578069000015284,3295.602820803487,3280.020290259424
2025-02-01 10:03:38,3239.3905439685395,30775436197.896152,-0.007652495334542486,0.004056353233841538,3289.6889513544156,3280.940034690275
2025-02-01 11:03:31,3235.559919161205,30973782228.462837,-0.0011825140424845948,0.0031484485375107125,3281.547066655411,3281.599859892769
2025-02-01 12:03:31,3249.3188447697353,27125184103.691216,0.004252409459966744,0.00378433747404811,3275.0126215938044,3282.2210918916703
2025-02-01 13:07:38,3262.8460076797505,27352814658.54628,0.004163076495798279,0.004243167219398939,3270.6471707234678,3283.150062396598
2025-02-01 14:02:40,3245.9296790727135,27739428801.503513,-0.005184531714712004,0.004167512535546994,3266.527847943609,3283.6863852716833
2025-02-01 15:03:33,3239.100614082978,26641759957.862957,-0.0021038856860529087,0.003973385044854135,3260.95368164125,3284.073816671389
2025-02-01 16:03:47,3253.1585866762503,18529046365.012787,0.004340085186656628,0.004331000037600332,3256.368288954015,3283.9576320514225
2025-02-01 17:02:05,3249.3399393500627,22839268036.088123,-0.0011738275969168654,0.004323327423253348,3252.104863658779,3283.5327376981027
2025-02-01 18:03:50,3260.9912903581358,22023466876.7716,0.00358575933129468,0.004530084572040218,3250.0006553921285,3283.520074579939
2025-02-01 19:03:47,3248.0334746112617,20008228320.931065,-0.003973581832366957,0.004385711028752133,3248.3668899730633,3282.9841527401522
2025-02-01 20:08:32,3188.3714809508556,18517054082.752857,-0.018368651101278055,0.006911408762849361,3243.264983671295,3281.279193397015
2025-02-01 21:01:52,3169.4847011563074,18924388317.14728,-0.005923644690522534,0.007043641022716391,3236.657461870805,3279.239733307538
2025-02-01 22:06:00,3156.67377930978,18557088342.432205,-0.004041957306767818,0.006700510628184218,3227.3929553248095,3276.8944350535785
2025-02-01 23:03:48,3134.046170830302,18471785270.867393,-0.007168180832555215,0.0063270559851406885,3214.512971639865,3274.694016640986
2025-02-02 00:08:32,3118.432045916739,19283652925.985447,-0.004982097921495066,0.006323172047192477,3201.763208324267,3272.2211453669943
2025-02-02 01:03:45,3151.643048498208,16342883091.007181,0.010649904212264527,0.007846558921120683,3193.01745176579,3270.0137831579905
2025-02-02 02:03:46,3148.5044099705724,18615166247.12169,-0.000995873732950514,0.007487399897558133,3182.5520340952226,3268.061527584827
2025-02-02 03:03:32,3117.3131490153564,19995430361.77485,-0.009906691207558938,0.007725236678382256,3169.3493550617522,3265.045403459886
2025-02-02 04:07:34,3075.5843892332227,21212515004.14928,-0.013386130230552684,0.007710353802450118,3150.8086649492607,3261.1505063471086
2025-02-02 05:03:36,3095.295377920167,22032145571.76903,0.006408859648249887,0.00862933089119139,3135.534855280151,3258.108502306685
2025-02-02 06:03:38,3119.704789940978,23036943318.172607,0.007885971786386614,0.008004053816189672,3128.668186179163,3255.8649577320525
2025-02-02 07:01:47,3121.3702020258575,23488743031.39619,0.0005338364355016445,0.007925519322714377,3123.8567362661183,3253.9758826792836
2025-02-02 08:03:56,3096.3130897553615,23705972865.57794,-0.008027600268059598,0.008164165001841351,3117.8206673106765,3251.007241696441
2025-02-02 09:03:53,3109.166542104301,23024805804.56068,0.004151212095271362,0.008137060093882684,3115.3327044380762,3247.9651161261218
2025-02-02 10:03:34,3107.906862167546,23110471169.349174,-0.0004051503577232607,0.00800120469665139,3114.280186063157,3245.2815140936523
2025-02-02 11:03:08,3097.3389560449054,23024086185.643177,-0.0034003290932824726,0.007038676079644194,3108.8497768178268,3242.508500914537
2025-02-02 12:03:48,3065.6658997339223,23970820169.01678,-0.010225892858503172,0.007522561915424267,3100.5659257941616,3238.5396126110095
2025-02-02 13:03:36,3052.07883155556,23951307328.53548,-0.004432012040040401,0.0071233495747487375,3094.042494048182,3234.219267183567
2025-02-02 14:03:57,3086.491001091033,25144578059.0779,0.011274993679614154,0.0070464233552767095,3095.133155233963,3229.270533634025
2025-02-02 15:03:40,3089.7993768999727,25241970064.653145,0.00107188901823152,0.006733939168130722,3094.5835551319437,3224.0265897193995
2025-02-02 16:01:38,3081.23996264633,24504482982.623177,-0.0027702168359651225,0.006136330194765268,3090.737072402479,3218.584956192078
2025-02-02 17:00:53,3012.839245885475,27838622500.315548,-0.02219908789645475,0.008969859757526927,3079.8839767884406,3211.8316186391935
2025-02-02 18:03:41,2970.0256123014333,30580348321.59984,-0.014210394279253635,0.009513516072363002,3067.255229043048,3202.788272942312
2025-02-02 19:03:45,2923.6363121101567,30082690053.454105,-0.015619158299220892,0.009658107413641396,3048.7022060436334,3193.261977592543
2025-02-02 20:03:42,2958.2127495033064,35127491041.07791,0.01182651797350065,0.011121908570680402,3033.7327947772096,3184.868352348833
2025-02-02 21:01:40,2948.787019203568,35636271627.14047,-0.0031862922304425334,0.011125253116877334,3018.8776010930756,3177.826182180319
2025-02-02 22:08:34,2923.3744131723706,35941043470.69681,-0.00861798626543775,0.011050241392835369,3004.6484524369207,3169.5916118188848
2025-02-02 23:03:46,2867.293929480726,40801722970.42735,-0.01918347627281425,0.011959733820783943,2986.1699622294373,3160.641668723616
2025-02-03 00:03:59,2866.253573805174,39497056806.35192,-0.0003628353775856352,0.010558674967841002,2964.146219500851,3151.7389522433996
2025-02-03 01:02:39,2832.5396073309776,47990498192.32139,-0.011762380963886043,0.010198467417555679,2938.4202425439516,3142.5016727465195
2025-02-03 02:03:58,2531.8278494659107,50944669825.92144,-0.10616330203707869,0.032231649495532914,2883.4790312259097,3127.167644966652
2025-02-03 03:02:54,2471.511670870815,71501703035.40508,-0.023823175263602225,0.03225393615826013,2829.3462737244436,3110.258303061044
2025-02-03 04:03:57,2529.6899133045035,75575859588.34923,0.02353953781379059,0.0349846593813378,2785.3127038247503,3094.5588354194183
2025-02-03 05:03:41,2460.547384197523,76911997441.4392,-0.02733241285555843,0.03519070061566143,2739.0038110334876,3077.6397727757058
2025-02-03 06:03:57,2492.943342493712,81662004096.99007,0.013166159084863294,0.03531288123499175,2692.476870332528,3061.7561814881547
2025-02-03 07:04:20,2526.6045892961306,83801711714.72073,0.013502612044422602,0.0363834431334263,2650.2586273417846,3046.3914277319454
2025-02-03 08:03:01,2618.353612756504,86726633027.99277,0.036313170588332166,0.03982963864704835,2619.7565473001973,3032.778249716104
2025-02-03 09:03:45,2572.1807492360163,87307943850.60034,-0.017634311613043963,0.03979385778842566,2590.2452292757266,3018.3823808547754
2025-02-03 10:03:40,2574.6788720698905,91058430874.18805,0.0009712081215973445,0.03983218011400298,2561.0877591021986,3004.23529083568
2025-02-03 11:03:55,2610.9885508177545,90378217615.12094,0.014102604849774103,0.040533022225961106,2538.932653450876,2991.167639275997
2025-02-03 12:03:46,2585.8862079864025,92954727149.35158,-0.009614114479165381,0.021324144534231367,2544.338489302925,2978.097552556354
2025-02-03 13:03:46,2584.3878748147113,86931481158.98578,-0.000579427341800165,0.019331685821733807,2555.626109697315,2965.0741116694244
2025-02-03 14:03:57,2567.761045593262,91750614216.32916,-0.00643356571336684,0.01837640181737725,2559.433222926191,2951.4429556858954
2025-02-03 15:06:37,2614.75984390311,99304366304.50293,0.01830341588463069,0.015876852301227776,2574.8544688967495,2938.481232410362
2025-02-03 16:02:57,2709.4900084652763,99705177959.7002,0.03622901154117497,0.01846390987549339,2596.509135493906,2927.7524389982136
2025-02-03 17:03:56,2713.2076678130497,103312114952.47916,0.0013720882292085346,0.018498346445619734,2615.1694433455978,2917.234580072815
2025-02-03 18:03:52,2713.4197804425758,104636469099.87308,7.817780851882006e-05,0.015488384749032387,2624.676060114205,2906.4398039481416
2025-02-03 19:08:54,2743.4365547146963,102450679824.1885,0.011062340773245305,0.013649941167245515,2641.8016406620727,2896.321736255434
2025-02-03 20:04:02,2770.800319392222,97832951847.1004,0.00997426553586589,0.013537602322661118,2661.413785394306,2886.5179168361155
2025-02-03 21:04:11,2721.2449437943606,100576521941.74347,-0.017884859926943886,0.015436770640162372,2672.4394246919665,2875.982146219778
2025-02-03 22:03:45,2777.219453102887,102247292323.28697,0.020569449081080826,0.015375329171596844,2691.5727492036153,2867.759105662818
2025-02-03 23:04:04,2877.323838512928,103669365632.16615,0.036044823644814095,0.017511636768332447,2720.866345573437,2861.915888409951
2025-02-04 00:03:21,2880.281763705476,96162564346.63274,0.0010280126112174326,0.016835421064318585,2752.118417384658,2856.388048097865
2025-02-04 01:04:02,2847.2468711399683,92276391171.73668,-0.011469326710248029,0.018117284870417836,2775.367120108344,2850.6520621040586
2025-02-04 02:08:36,2853.324061877698,85640907218.26234,0.002134409488453226,0.015359280835489125,2789.750525449586,2845.3499024232774
2025-02-04 03:03:52,2810.7760524099363,68999363703.11838,-0.014911734014454003,0.01663143562355845,2799.5073639092748,2838.532562501512
2025-02-04 04:03:52,2811.369115451482,65166413624.89191,0.00021099619126085933,0.016628307831900405,2809.3022974101655,2831.78985661113
2025-02-04 05:04:05,2802.9200890675493,58931365075.12648,-0.0030053066804697215,0.016528739225122713,2815.2506508454508,2825.5019954121735
2025-02-04 06:03:55,2709.1651343431113,60971293694.51419,-0.03344902877899292,0.01968261367677975,2809.08713234054,2818.1736103143717
2025-02-04 07:01:11,2722.6308413701768,63211675414.76972,0.004970426813916129,0.01895614174664562,2809.2257220981214,2810.7203195833717
2025-02-04 08:00:40,2701.436207161568,61883424780.62617,-0.007784615485345259,0.01764828619821453,2801.647397503989,2802.354947927784
2025-02-04 09:03:50,2698.871582766817,60293514481.422134,-0.0009493558974118521,0.01142070090629122,2783.8021719293783,2793.904975542603
2025-02-04 10:01:12,2697.1517197286594,58235973588.747955,-0.0006372526388952471,0.01131324788705221,2765.4891675316967,2785.921748142069
2025-02-04 11:03:15,2752.274299638536,57928860652.31696,0.020437330056991332,0.013945653835229572,2755.9919103815537,2778.783903292753
2025-02-04 12:03:49,2764.452794458023,57465386359.06302,0.004424884111691396,0.014063113607929563,2747.1047836395855,2771.9148219385625
2025-02-04 13:04:02,2804.9334376963775,55494210989.84106,0.014643275269343281,0.014399408091899569,2746.52052216823,2766.066711571593
2025-02-04 14:03:57,2802.1979327835047,57104053928.516075,-0.0009752477103768253,0.014401320576781408,2745.603403901432,2760.797352232584
2025-02-04 15:04:02,2830.211835814456,55213865016.45936,0.009997117870658156,0.014706885560695887,2748.332578576123,2756.360012317762
2025-02-04 16:04:09,2785.644015970251,51857131462.80678,-0.01574716750182048,0.010575811348484569,2755.980466738837,2750.343072615347
2025-02-04 17:01:16,2783.9885870284515,51126167779.194405,-0.0005942715337311499,0.010597515718584567,2762.1162413046645,2744.2268568179156
2025-02-04 18:04:05,2817.342912137074,46390147376.24536,0.011980769340805386,0.010351861643072247,2773.706911802215,2738.9489158077313
2025-02-04 19:03:59,2825.2548747077135,50476663413.676216,0.002808306555994511,0.010209050162987562,2786.3452409963047,2735.1972283841756
2025-02-04 20:03:58,2781.4448869430116,50071601064.34306,-0.015506561251127593,0.011989634906752545,2794.77455771774,2731.4256138770074
2025-02-04 21:08:45,2708.783196229954,51146199460.180084,-0.026123721183243687,0.01347744614348469,2790.4254473768815,2727.1285515594027
2025-02-04 22:04:09,2645.8816807828066,53688949979.85149,-0.023221317798594043,0.014886765344559495,2778.56833600936,2720.8819301849935
2025-02-04 23:04:05,2684.963929184192,52089744646.48135,0.014770973579522506,0.014904839243865285,2766.5713851581413,2715.6054683846055
2025-02-05 00:03:56,2734.763245293648,49598757294.57473,0.018547480496167168,0.016568743633707556,2759.827916409156,2711.833245027031
2025-02-05 01:03:57,2734.6053222556206,52293114304.52919,-5.77465118047904e-05,0.016035482186708746,2750.2672650532722,2709.1794728825294
2025-02-05 02:03:03,2723.377163402609,52118938264.248795,-0.004105952241674982,0.015444270875584002,2744.0405797965077,2706.3219446744774
2025-02-05 03:03:38,2740.9775756535087,51974154143.26275,0.00646271566326484,0.015682654534141718,2739.7394786590135,2704.4907040409284
2025-02-05 04:03:43,2723.4765213476708,50107502383.8593,-0.0063849680717162904,0.014996114385600305,2730.3528395800736,2708.323677478564
2025-02-05 05:04:10,2728.7198178376407,50578143392.98293,0.001925221843798175,0.01495882492423403,2720.6993338930665,2713.4678404179
2025-02-05 06:03:37,2766.9777696165424,48465200749.61878,0.014020476389261294,0.015208951220590562,2719.2526221604194,2718.2135975441406
2025-02-05 07:03:52,2739.628081936011,41940473840.12451,-0.009884317821722832,0.012841868483505514,2722.337110731025,2723.7952114989107
2025-02-05 08:03:47,2762.7910863805178,46460339680.62393,0.008454798882094439,0.00965894095595046,2734.028051290796,2729.1921663766466
2025-02-05 09:03:56,2771.873149153613,43376546312.39162,0.003287278150659434,0.008941616700535721,2742.718973287738,2734.097537573796
2025-02-05 10:04:04,2761.5941876025254,46078380029.72519,-0.0037083087854241636,0.007328783725025136,2745.4020675186257,2736.9623490707168
2025-02-05 11:03:52,2779.28673817021,44115375238.23697,0.006406643904129927,0.007507935675963562,2749.870209110085,2741.1044688494003
2025-02-05 12:01:40,2803.2717463516547,44602180991.400024,0.008629914953372397,0.007503755759054217,2757.8596674049895,2745.6763263350363
2025-02-05 13:01:28,2786.6901790998395,44659309260.17588,-0.005915076650487183,0.007866718446078062,2762.4309277496222,2749.1903589006774
2025-02-05 14:04:13,2819.5336350724674,43934516266.50991,0.011785829734124675,0.00789457309851803,2772.0366391221023,2753.863307442399
2025-02-05 15:03:16,2789.546044178945,42699993010.43676,-0.010635656379659242,0.009082853381800747,2778.1192617562324,2757.9664708296837
2025-02-05 16:03:42,2774.5547715291095,40001063475.85475,-0.005374090411993215,0.008328166072204782,2778.8769619474892,2762.1023453484004
2025-02-05 17:03:36,2771.1317681599153,39006642603.47044,-0.0012337126678194643,0.007566684703366574,2782.02733056988,2765.2297838335367
2025-02-05 18:04:04,2748.996567460813,39867513549.117355,-0.007987783530698178,0.00759418992192176,2780.647878677909,2766.0199150134476
2025-02-05 19:03:45,2724.5050286819246,38973755675.95932,-0.008909264954634177,0.007896302209193512,2775.91106663074,2766.245862230825
2025-02-05 20:03:55,2776.515842291815,38636742448.97548,0.019090004629227053,0.010204096441191919,2777.4032320996694,2767.50778346781
2025-02-05 21:04:00,2761.4222041251032,36247045143.51746,-0.0054361793787759405,0.01014049199624986,2775.6167786951587,2767.8674964560178
2025-02-05 22:03:57,2780.839915666331,34643953110.52764,0.007031779317273834,0.009990373106028447,2773.3735956266264,2768.0682883815
2025-02-05 23:01:27,2760.4375740434343,33576203607.006065,-0.007336755168090181,0.01008160743413599,2770.7483351209858,2768.8521409864816
2025-02-06 00:04:01,2789.6216110636838,31911298312.327293,0.010572250318090504,0.009917900960592179,2767.7571327201076,2769.1001841456978
2025-02-06 01:03:45,2767.882411218073,31516777915.60099,-0.007792884798208055,0.009648816022128774,2765.59076942402,2766.9113555998006
2025-02-06 02:03:59,2788.754388124774,32742136008.027924,0.007540774428172359,0.0098220475719282,2767.010731083587,2765.080808088186
2025-02-06 03:04:06,2807.6055379412187,32268572037.84578,0.0067597024308478915,0.009984330816533816,2770.658108061717,2764.287981424211
2025-02-06 04:04:11,2807.8707480724784,31734640857.78168,9.446132217494352e-05,0.00945739284508457,2776.5455261228835,2763.3789151481074
2025-02-06 05:03:41,2822.353194124686,32075050680.32448,0.005157803671037797,0.008638488808027691,2786.3303426671596,2763.610457982402
2025-02-06 06:08:28,2828.8013759786863,31154752645.8721,0.0022846828197915503,0.0067006385011895405,2791.5588960358464,2763.9591031929463
2025-02-06 07:04:11,2849.6106416499197,31538357604.679237,0.007356213075947693,0.006359519504626762,2800.3777397883287,2764.8929142445936
2025-02-06 08:04:01,2834.060298509801,30981491497.004177,-0.005457006270553122,0.00673157119163013,2805.699778072675,2767.3908175279275
2025-02-06 09:08:30,2831.606647970496,30477823398.19967,-0.0008657721716772704,0.006016080024793228,2812.816685465382,2769.5703336599336
2025-02-06 10:03:55,2851.763153833254,30663295012.51673,0.0071183989757916954,0.00558931123516636,2819.0308397423387,2772.5768725933676
2025-02-06 11:04:00,2830.134046127891,30403332097.97182,-0.007584468463409988,0.005548064207431361,2825.256003233321,2775.2021218605887
2025-02-06 12:01:58,2807.225877221531,30400631156.242493,-0.008094375931663844,0.006067211052813666,2827.1031521429964,2777.403605010446
2025-02-06 13:01:51,2773.312906766382,29434307030.64755,-0.0120805991175581,0.006843971079474344,2823.6738890255124,2777.8243771530038
2025-02-06 14:08:30,2788.184903604212,28058369986.438084,0.005362538356759261,0.007151145424196532,2821.705304578686,2778.2990193359274
2025-02-06 15:04:04,2745.665285013348,30545268075.05745,-0.015249927842267752,0.008143127108547121,2814.0365136675523,2777.113656282266
2025-02-06 16:03:16,2704.1051785068425,30438097775.079807,-0.015136625259223213,0.008790994517823643,2801.566893920368,2775.1518011967332
2025-02-06 17:03:43,2705.2245414145114,30500052723.135548,0.00041394947081419,0.007991685552809241,2787.128283896827,2772.6520553087344
2025-02-06 18:04:00,2699.1633732232217,30790051286.926964,-0.002240541625472714,0.00804285054682554,2773.638591368169,2770.9224424537933
2025-02-06 19:02:56,2698.28684646675,31614365265.824043,-0.00032474016399575145,0.008074281600109855,2760.3066112177944,2769.2084076425595
2025-02-06 20:04:01,2692.2500258766086,31641146770.656975,-0.0022372790343051507,0.00701471627630479,2744.35529842213,2766.70654991735
2025-02-06 21:03:55,2719.1470086411077,31083347053.36617,0.009990521870546276,0.008532384393446571,2733.256594673451,2764.584392596018
2025-02-06 22:02:01,2707.174223357504,32176193031.020454,-0.0044031401191459985,0.00841264181891591,2723.2514292870487,2763.0989793243084
2025-02-06 23:04:10,2701.3408316062055,30771867183.01934,-0.0021547899285417893,0.007867527264721666,2716.0542217710313,2762.950132031833
2025-02-07 00:04:09,2687.8133604171308,31135215601.877285,-0.005007687675246619,0.007369336327950115,2706.017067452323,2763.7887656245193
2025-02-07 01:08:37,2693.8458915084548,31099090602.5747,0.002244401036234134,0.006305382405193923,2700.8351281018336,2763.9664048710047
2025-02-07 02:04:10,2723.525104509366,31210219928.237076,0.011017413094960737,0.005580869815532772,2702.777120702086,2763.7416420553195
2025-02-07 03:00:29,2723.5922105428654,30445406070.36889,2.463940331898229e-05,0.0055846745959539845,2704.6138876149216,2763.5213798210634
2025-02-07 04:03:51,2713.353819431884,30063927339.59212,-0.003759149799059225,0.005692843729121632,2706.0329322357875,2763.32091294165
2025-02-07 05:03:41,2720.0974584267633,30854598056.308044,0.0024853518721312806,0.0057147829577487794,2708.213993431789,2762.903310597115
2025-02-07 06:00:39,2713.276787723205,30696140335.278793,-0.002507509678533082,0.00573146070742182,2710.3166696164485,2762.6993159246254
2025-02-07 07:00:34,2689.2188916078735,30845852063.79893,-0.008866731261693017,0.005465074619270669,2707.3238579131253,2761.90929740003
2025-02-07 08:03:51,2715.0488672040465,31246496064.06686,0.009605010464852626,0.006259775478431484,2708.1113222977797,2760.8707193517803
2025-02-07 09:04:08,2731.3713356873163,29745353024.387207,0.006011850718576017,0.006433080569993734,2711.1143727058907,2760.705584426806
2025-02-07 10:03:51,2737.9772260119985,30503836940.94408,0.002418525170258423,0.006064585707622836,2716.130759265377,2760.209307219436
2025-02-07 11:03:43,2744.048500307008,30105234857.547733,0.002217430531316955,0.006064405402962573,2721.151020145233,2759.652814242504
2025-02-07 12:03:56,2762.3859571679277,29821232212.34514,0.006682628553711156,0.0054625412476064505,2725.0371054110888,2759.6686496338116
2025-02-07 13:03:59,2760.68403532401,30471109699.726383,-0.0006161057398592629,0.005484586589042334,2728.746287889203,2759.296595576888
2025-02-07 14:03:47,2779.413365925764,30087309726.71549,0.00678430793314444,0.005402435981486625,2735.3522425385913,2758.8194279683694
2025-02-07 15:04:03,2779.5499529192684,30076335720.85006,4.914238205033783e-05,0.005453920150850563,2741.297491987842,2758.6766234447587
2025-02-07 16:01:02,2728.6711050068066,30470809158.313225,-0.018304707155568645,0.00843494561435099,2742.836923716202,2756.8593728434453
2025-02-07 17:03:52,2698.639893748259,30288293666.176197,-0.011005801030195106,0.008723816980799257,2743.7790239302403,2755.041249834832
2025-02-07 18:02:23,2679.5737470287318,30608435669.162903,-0.007065094814501349,0.008350816265185114,2740.231511912709,2753.1416293448247
2025-02-07 19:03:33,2681.188526256461,27628820081.494015,0.0006026254099256168,0.007993346606042015,2735.2132309696235,2751.342764506755
2025-02-07 20:04:13,2657.98631842409,28585907057.2945,-0.008653702492441573,0.008106480527011094,2727.2141402108327,2749.5225595260204
2025-02-07 21:03:26,2590.3228646811785,28863245292.617706,-0.02545665990599555,0.010518516650782541,2711.8415766482494,2746.8389162460057
2025-02-07 22:03:50,2588.5819097386584,29175166418.78807,-0.0006720995927796958,0.009788418832902894,2694.4611719053228,2743.0802375949424
2025-02-07 23:04:02,2585.207296623361,30603539119.08684,-0.0013036532097367992,0.009745334174781826,2676.9134980352583,2739.555939444908
2025-02-07 23:14:22,2588.533408703354,30585358399.28293,0.001286593954897608,0.009042193507605585,2657.825502313017,2735.709809305648
